ForecastDate,Date,CountryCode,CountryName,RegionCode,RegionName,Estimated,Confirmed
2020-03-21,2020-03-08,AE,United Arab Emirates,,,48.193,45
2020-03-21,2020-03-10,AE,United Arab Emirates,,,55.502,59
2020-03-21,2020-03-11,AE,United Arab Emirates,,,63.397,74
2020-03-21,2020-03-13,AE,United Arab Emirates,,,71.856,85
2020-03-21,2020-03-15,AE,United Arab Emirates,,,80.852,85
2020-03-21,2020-03-16,AE,United Arab Emirates,,,90.352,86
2020-03-21,2020-03-17,AE,United Arab Emirates,,,100.317,98
2020-03-21,2020-03-18,AE,United Arab Emirates,,,110.704,113
2020-03-21,2020-03-19,AE,United Arab Emirates,,,121.468,113
2020-03-21,2020-03-20,AE,United Arab Emirates,,,132.561,140
2020-03-21,2020-03-21,AE,United Arab Emirates,,,143.932,140
2020-03-21,2020-03-22,AE,United Arab Emirates,,,155.532,
2020-03-21,2020-03-23,AE,United Arab Emirates,,,167.309,
2020-03-21,2020-03-24,AE,United Arab Emirates,,,179.215,
2020-03-21,2020-03-09,AR,Argentina,,,17.21,12
2020-03-21,2020-03-11,AR,Argentina,,,21.52,19
2020-03-21,2020-03-13,AR,Argentina,,,26.895,31
2020-03-21,2020-03-14,AR,Argentina,,,33.596,34
2020-03-21,2020-03-15,AR,Argentina,,,41.944,45
2020-03-21,2020-03-16,AR,Argentina,,,52.34,56
2020-03-21,2020-03-17,AR,Argentina,,,65.279,65
2020-03-21,2020-03-18,AR,Argentina,,,81.373,79
2020-03-21,2020-03-19,AR,Argentina,,,101.385,97
2020-03-21,2020-03-20,AR,Argentina,,,126.252,128
2020-03-21,2020-03-21,AR,Argentina,,,157.138,158
2020-03-21,2020-03-22,AR,Argentina,,,195.481,
2020-03-21,2020-03-23,AR,Argentina,,,243.055,
2020-03-21,2020-03-24,AR,Argentina,,,302.055,
2020-03-21,2020-03-11,AT,Austria,,,204.034,182
2020-03-21,2020-03-12,AT,Austria,,,274.079,246
2020-03-21,2020-03-13,AT,Austria,,,364.798,361
2020-03-21,2020-03-14,AT,Austria,,,481.235,504
2020-03-21,2020-03-15,AT,Austria,,,629.377,655
2020-03-21,2020-03-16,AT,Austria,,,816.263,860
2020-03-21,2020-03-17,AT,Austria,,,1050.094,1016
2020-03-21,2020-03-18,AT,Austria,,,1340.342,1332
2020-03-21,2020-03-19,AT,Austria,,,1697.844,1646
2020-03-21,2020-03-20,AT,Austria,,,2134.905,2196
2020-03-21,2020-03-21,AT,Austria,,,2665.368,2649
2020-03-21,2020-03-22,AT,Austria,,,3304.689,
2020-03-21,2020-03-23,AT,Austria,,,4069.982,
2020-03-21,2020-03-24,AT,Austria,,,4980.051,
2020-03-21,2020-03-11,AU,Australia,,,111.648,112
2020-03-21,2020-03-12,AU,Australia,,,137.013,126
2020-03-21,2020-03-13,AU,Australia,,,168.121,156
2020-03-21,2020-03-14,AU,Australia,,,206.269,197
2020-03-21,2020-03-15,AU,Australia,,,253.044,249
2020-03-21,2020-03-16,AU,Australia,,,310.39,298
2020-03-21,2020-03-17,AU,Australia,,,380.69,375
2020-03-21,2020-03-18,AU,Australia,,,466.858,454
2020-03-21,2020-03-19,AU,Australia,,,572.466,565
2020-03-21,2020-03-20,AU,Australia,,,701.884,709
2020-03-21,2020-03-21,AU,Australia,,,860.461,874
2020-03-21,2020-03-22,AU,Australia,,,1054.747,
2020-03-21,2020-03-23,AU,Australia,,,1292.755,
2020-03-21,2020-03-24,AU,Australia,,,1584.291,
2020-03-21,2020-03-11,BE,Belgium,,,276.863,267
2020-03-21,2020-03-12,BE,Belgium,,,350.244,314
2020-03-21,2020-03-13,BE,Belgium,,,440.196,399
2020-03-21,2020-03-14,BE,Belgium,,,549.758,559
2020-03-21,2020-03-15,BE,Belgium,,,682.373,689
2020-03-21,2020-03-16,BE,Belgium,,,841.921,886
2020-03-21,2020-03-17,BE,Belgium,,,1032.743,1085
2020-03-21,2020-03-18,BE,Belgium,,,1259.664,1243
2020-03-21,2020-03-19,BE,Belgium,,,1528.012,1486
2020-03-21,2020-03-20,BE,Belgium,,,1843.634,1795
2020-03-21,2020-03-21,BE,Belgium,,,2212.906,2257
2020-03-21,2020-03-22,BE,Belgium,,,2642.738,
2020-03-21,2020-03-23,BE,Belgium,,,3140.574,
2020-03-21,2020-03-24,BE,Belgium,,,3714.384,
2020-03-21,2020-03-11,BH,Bahrain,,,128.37,110
2020-03-21,2020-03-12,BH,Bahrain,,,143.239,162
2020-03-21,2020-03-13,BH,Bahrain,,,158.684,162
2020-03-21,2020-03-14,BH,Bahrain,,,174.616,210
2020-03-21,2020-03-15,BH,Bahrain,,,190.944,211
2020-03-21,2020-03-16,BH,Bahrain,,,207.577,214
2020-03-21,2020-03-17,BH,Bahrain,,,224.424,221
2020-03-21,2020-03-18,BH,Bahrain,,,241.399,237
2020-03-21,2020-03-19,BH,Bahrain,,,258.416,256
2020-03-21,2020-03-20,BH,Bahrain,,,275.399,269
2020-03-21,2020-03-21,BH,Bahrain,,,292.273,285
2020-03-21,2020-03-22,BH,Bahrain,,,308.972,
2020-03-21,2020-03-23,BH,Bahrain,,,325.435,
2020-03-21,2020-03-24,BH,Bahrain,,,341.609,
2020-03-21,2020-03-11,BR,Brazil,,,30.249,34
2020-03-21,2020-03-12,BR,Brazil,,,42.452,52
2020-03-21,2020-03-13,BR,Brazil,,,59.56,77
2020-03-21,2020-03-14,BR,Brazil,,,83.538,98
2020-03-21,2020-03-15,BR,Brazil,,,117.131,121
2020-03-21,2020-03-16,BR,Brazil,,,164.184,200
2020-03-21,2020-03-17,BR,Brazil,,,230.066,234
2020-03-21,2020-03-18,BR,Brazil,,,322.286,291
2020-03-21,2020-03-19,BR,Brazil,,,451.333,428
2020-03-21,2020-03-20,BR,Brazil,,,631.856,621
2020-03-21,2020-03-21,BR,Brazil,,,884.314,904
2020-03-21,2020-03-22,BR,Brazil,,,1237.262,
2020-03-21,2020-03-23,BR,Brazil,,,1730.548,
2020-03-21,2020-03-24,BR,Brazil,,,2419.76,
2020-03-21,2020-03-11,CA,Canada,,,93.74,93
2020-03-21,2020-03-12,CA,Canada,,,122.709,103
2020-03-21,2020-03-13,CA,Canada,,,159.416,138
2020-03-21,2020-03-14,CA,Canada,,,205.583,176
2020-03-21,2020-03-15,CA,Canada,,,263.23,244
2020-03-21,2020-03-16,CA,Canada,,,334.704,304
2020-03-21,2020-03-17,CA,Canada,,,422.717,424
2020-03-21,2020-03-18,CA,Canada,,,530.376,569
2020-03-21,2020-03-19,CA,Canada,,,661.218,690
2020-03-21,2020-03-20,CA,Canada,,,819.237,846
2020-03-21,2020-03-21,CA,Canada,,,1008.916,971
2020-03-21,2020-03-22,CA,Canada,,,1235.248,
2020-03-21,2020-03-23,CA,Canada,,,1503.762,
2020-03-21,2020-03-24,CA,Canada,,,1820.535,
2020-03-21,2020-03-11,CH,Switzerland,,,538.748,490
2020-03-21,2020-03-12,CH,Switzerland,,,697.434,642
2020-03-21,2020-03-13,CH,Switzerland,,,893.734,854
2020-03-21,2020-03-14,CH,Switzerland,,,1134.161,1121
2020-03-21,2020-03-15,CH,Switzerland,,,1425.835,1359
2020-03-21,2020-03-16,CH,Switzerland,,,1776.447,2200
2020-03-21,2020-03-17,CH,Switzerland,,,2194.208,2200
2020-03-21,2020-03-18,CH,Switzerland,,,2687.779,2650
2020-03-21,2020-03-19,CH,Switzerland,,,3266.192,3010
2020-03-21,2020-03-20,CH,Switzerland,,,3938.751,3888
2020-03-21,2020-03-21,CH,Switzerland,,,4714.93,4840
2020-03-21,2020-03-22,CH,Switzerland,,,5604.255,
2020-03-21,2020-03-23,CH,Switzerland,,,6616.179,
2020-03-21,2020-03-24,CH,Switzerland,,,7759.962,
2020-03-21,2020-03-11,CL,Chile,,,11.771,17
2020-03-21,2020-03-12,CL,Chile,,,19.054,23
2020-03-21,2020-03-13,CL,Chile,,,29.88,33
2020-03-21,2020-03-14,CL,Chile,,,45.484,43
2020-03-21,2020-03-15,CL,Chile,,,67.344,61
2020-03-21,2020-03-16,CL,Chile,,,97.16,75
2020-03-21,2020-03-17,CL,Chile,,,136.826,156
2020-03-21,2020-03-18,CL,Chile,,,188.38,201
2020-03-21,2020-03-19,CL,Chile,,,253.942,238
2020-03-21,2020-03-20,CL,Chile,,,335.64,342
2020-03-21,2020-03-21,CL,Chile,,,435.529,434
2020-03-21,2020-03-22,CL,Chile,,,555.509,
2020-03-21,2020-03-23,CL,Chile,,,697.252,
2020-03-21,2020-03-24,CL,Chile,,,862.132,
2020-03-08,2020-02-26,CN,China,AH,Anhui,998.032,989
2020-03-08,2020-02-27,CN,China,AH,Anhui,999.96,989
2020-03-08,2020-02-28,CN,China,AH,Anhui,1001.561,990
2020-03-08,2020-02-29,CN,China,AH,Anhui,1002.891,990
2020-03-08,2020-03-01,CN,China,AH,Anhui,1003.995,990
2020-03-08,2020-03-02,CN,China,AH,Anhui,1004.912,990
2020-03-08,2020-03-03,CN,China,AH,Anhui,1005.673,990
2020-03-08,2020-03-04,CN,China,AH,Anhui,1006.305,990
2020-03-08,2020-03-05,CN,China,AH,Anhui,1006.829,990
2020-03-08,2020-03-06,CN,China,AH,Anhui,1007.264,990
2020-03-08,2020-03-08,CN,China,AH,Anhui,1007.625,990
2020-03-08,2020-03-09,CN,China,AH,Anhui,1007.925,
2020-03-08,2020-03-10,CN,China,AH,Anhui,1008.173,
2020-03-08,2020-03-11,CN,China,AH,Anhui,1008.379,
2020-03-22,2020-03-12,CN,China,BJ,Beijing,439.698,435
2020-03-22,2020-03-13,CN,China,BJ,Beijing,440.043,436
2020-03-22,2020-03-14,CN,China,BJ,Beijing,440.348,437
2020-03-22,2020-03-15,CN,China,BJ,Beijing,440.617,442
2020-03-22,2020-03-16,CN,China,BJ,Beijing,440.855,452
2020-03-22,2020-03-17,CN,China,BJ,Beijing,441.065,456
2020-03-22,2020-03-18,CN,China,BJ,Beijing,441.251,469
2020-03-22,2020-03-19,CN,China,BJ,Beijing,441.415,480
2020-03-22,2020-03-20,CN,China,BJ,Beijing,441.56,491
2020-03-22,2020-03-21,CN,China,BJ,Beijing,441.688,499
2020-03-22,2020-03-22,CN,China,BJ,Beijing,441.801,514
2020-03-22,2020-03-23,CN,China,BJ,Beijing,441.901,
2020-03-22,2020-03-24,CN,China,BJ,Beijing,441.989,
2020-03-22,2020-03-25,CN,China,BJ,Beijing,442.067,
2020-03-15,2020-03-05,CN,China,CQ,Chongqing,579.58,576
2020-03-15,2020-03-06,CN,China,CQ,Chongqing,579.979,576
2020-03-15,2020-03-07,CN,China,CQ,Chongqing,580.321,576
2020-03-15,2020-03-08,CN,China,CQ,Chongqing,580.613,576
2020-03-15,2020-03-09,CN,China,CQ,Chongqing,580.864,576
2020-03-15,2020-03-10,CN,China,CQ,Chongqing,581.077,576
2020-03-15,2020-03-11,CN,China,CQ,Chongqing,581.26,576
2020-03-15,2020-03-12,CN,China,CQ,Chongqing,581.417,576
2020-03-15,2020-03-13,CN,China,CQ,Chongqing,581.551,576
2020-03-15,2020-03-14,CN,China,CQ,Chongqing,581.665,576
2020-03-15,2020-03-15,CN,China,CQ,Chongqing,581.763,576
2020-03-15,2020-03-16,CN,China,CQ,Chongqing,581.847,
2020-03-15,2020-03-17,CN,China,CQ,Chongqing,581.918,
2020-03-15,2020-03-18,CN,China,CQ,Chongqing,581.979,
2020-03-22,2020-03-01,CN,China,FJ,Fujian,297.857,296
2020-03-22,2020-03-02,CN,China,FJ,Fujian,298.063,296
2020-03-22,2020-03-03,CN,China,FJ,Fujian,298.235,296
2020-03-22,2020-03-04,CN,China,FJ,Fujian,298.38,296
2020-03-22,2020-03-05,CN,China,FJ,Fujian,298.501,296
2020-03-22,2020-03-06,CN,China,FJ,Fujian,298.602,296
2020-03-22,2020-03-07,CN,China,FJ,Fujian,298.686,296
2020-03-22,2020-03-08,CN,China,FJ,Fujian,298.757,296
2020-03-22,2020-03-20,CN,China,FJ,Fujian,298.817,299
2020-03-22,2020-03-21,CN,China,FJ,Fujian,298.866,303
2020-03-22,2020-03-22,CN,China,FJ,Fujian,298.908,307
2020-03-22,2020-03-23,CN,China,FJ,Fujian,298.943,
2020-03-22,2020-03-24,CN,China,FJ,Fujian,298.972,
2020-03-22,2020-03-25,CN,China,FJ,Fujian,298.996,
2020-03-22,2020-03-12,CN,China,GD,Guangdong,1363.42,1356
2020-03-22,2020-03-13,CN,China,GD,Guangdong,1363.525,1356
2020-03-22,2020-03-14,CN,China,GD,Guangdong,1363.613,1356
2020-03-22,2020-03-15,CN,China,GD,Guangdong,1363.685,1357
2020-03-22,2020-03-16,CN,China,GD,Guangdong,1363.744,1361
2020-03-22,2020-03-17,CN,China,GD,Guangdong,1363.793,1364
2020-03-22,2020-03-18,CN,China,GD,Guangdong,1363.834,1370
2020-03-22,2020-03-19,CN,China,GD,Guangdong,1363.868,1378
2020-03-22,2020-03-20,CN,China,GD,Guangdong,1363.895,1395
2020-03-22,2020-03-21,CN,China,GD,Guangdong,1363.918,1399
2020-03-22,2020-03-22,CN,China,GD,Guangdong,1363.937,1407
2020-03-22,2020-03-23,CN,China,GD,Guangdong,1363.953,
2020-03-22,2020-03-24,CN,China,GD,Guangdong,1363.966,
2020-03-22,2020-03-25,CN,China,GD,Guangdong,1363.977,
2020-03-21,2020-03-07,CN,China,GS,Gansu,114.565,119
2020-03-21,2020-03-08,CN,China,GS,Gansu,115.733,120
2020-03-21,2020-03-09,CN,China,GS,Gansu,116.839,124
2020-03-21,2020-03-10,CN,China,GS,Gansu,117.886,124
2020-03-21,2020-03-11,CN,China,GS,Gansu,118.876,125
2020-03-21,2020-03-12,CN,China,GS,Gansu,119.813,127
2020-03-21,2020-03-14,CN,China,GS,Gansu,120.697,129
2020-03-21,2020-03-15,CN,China,GS,Gansu,121.533,132
2020-03-21,2020-03-16,CN,China,GS,Gansu,122.322,133
2020-03-21,2020-03-20,CN,China,GS,Gansu,123.067,134
2020-03-21,2020-03-21,CN,China,GS,Gansu,123.769,134
2020-03-21,2020-03-22,CN,China,GS,Gansu,124.431,
2020-03-21,2020-03-23,CN,China,GS,Gansu,125.056,
2020-03-21,2020-03-24,CN,China,GS,Gansu,125.644,
2020-03-20,2020-03-07,CN,China,GX,Guangxi,254.203,252
2020-03-20,2020-03-08,CN,China,GX,Guangxi,254.362,252
2020-03-20,2020-03-09,CN,China,GX,Guangxi,254.499,252
2020-03-20,2020-03-10,CN,China,GX,Guangxi,254.616,252
2020-03-20,2020-03-11,CN,China,GX,Guangxi,254.717,252
2020-03-20,2020-03-12,CN,China,GX,Guangxi,254.804,252
2020-03-20,2020-03-13,CN,China,GX,Guangxi,254.879,252
2020-03-20,2020-03-16,CN,China,GX,Guangxi,254.943,252
2020-03-20,2020-03-17,CN,China,GX,Guangxi,254.998,253
2020-03-20,2020-03-18,CN,China,GX,Guangxi,255.046,253
2020-03-20,2020-03-20,CN,China,GX,Guangxi,255.087,254
2020-03-20,2020-03-21,CN,China,GX,Guangxi,255.122,
2020-03-20,2020-03-22,CN,China,GX,Guangxi,255.152,
2020-03-20,2020-03-23,CN,China,GX,Guangxi,255.177,
2020-03-18,2020-03-07,CN,China,GZ,Guizhou,148.091,146
2020-03-18,2020-03-08,CN,China,GZ,Guizhou,148.293,146
2020-03-18,2020-03-09,CN,China,GZ,Guizhou,148.458,146
2020-03-18,2020-03-10,CN,China,GZ,Guizhou,148.593,146
2020-03-18,2020-03-11,CN,China,GZ,Guizhou,148.702,146
2020-03-18,2020-03-12,CN,China,GZ,Guizhou,148.792,146
2020-03-18,2020-03-13,CN,China,GZ,Guizhou,148.866,146
2020-03-18,2020-03-14,CN,China,GZ,Guizhou,148.925,146
2020-03-18,2020-03-16,CN,China,GZ,Guizhou,148.974,146
2020-03-18,2020-03-17,CN,China,GZ,Guizhou,149.014,147
2020-03-18,2020-03-18,CN,China,GZ,Guizhou,149.047,146
2020-03-18,2020-03-19,CN,China,GZ,Guizhou,149.073,
2020-03-18,2020-03-20,CN,China,GZ,Guizhou,149.095,
2020-03-18,2020-03-21,CN,China,GZ,Guizhou,149.113,
2020-03-14,2020-03-01,CN,China,HA,Henan,1281.705,1272
2020-03-14,2020-03-02,CN,China,HA,Henan,1282.684,1272
2020-03-14,2020-03-03,CN,China,HA,Henan,1283.494,1272
2020-03-14,2020-03-04,CN,China,HA,Henan,1284.164,1272
2020-03-14,2020-03-05,CN,China,HA,Henan,1284.72,1272
2020-03-14,2020-03-06,CN,China,HA,Henan,1285.179,1272
2020-03-14,2020-03-07,CN,China,HA,Henan,1285.559,1272
2020-03-14,2020-03-08,CN,China,HA,Henan,1285.874,1272
2020-03-14,2020-03-11,CN,China,HA,Henan,1286.135,1273
2020-03-14,2020-03-12,CN,China,HA,Henan,1286.35,1273
2020-03-14,2020-03-14,CN,China,HA,Henan,1286.529,1273
2020-03-14,2020-03-15,CN,China,HA,Henan,1286.676,
2020-03-14,2020-03-16,CN,China,HA,Henan,1286.799,
2020-03-14,2020-03-17,CN,China,HA,Henan,1286.9,
2020-03-22,2020-03-12,CN,China,HB,Hubei,68364.115,67781
2020-03-22,2020-03-13,CN,China,HB,Hubei,68413.402,67786
2020-03-22,2020-03-14,CN,China,HB,Hubei,68455.475,67790
2020-03-22,2020-03-15,CN,China,HB,Hubei,68491.386,67794
2020-03-22,2020-03-16,CN,China,HB,Hubei,68522.036,67798
2020-03-22,2020-03-17,CN,China,HB,Hubei,68548.194,67799
2020-03-22,2020-03-18,CN,China,HB,Hubei,68570.516,67800
2020-03-22,2020-03-19,CN,China,HB,Hubei,68589.564,67800
2020-03-22,2020-03-20,CN,China,HB,Hubei,68605.818,67800
2020-03-22,2020-03-21,CN,China,HB,Hubei,68619.686,67800
2020-03-22,2020-03-22,CN,China,HB,Hubei,68631.519,67800
2020-03-22,2020-03-23,CN,China,HB,Hubei,68641.615,
2020-03-22,2020-03-24,CN,China,HB,Hubei,68650.229,
2020-03-22,2020-03-25,CN,China,HB,Hubei,68657.578,
2020-03-22,2020-02-28,CN,China,HE,Hebei,318.424,318
2020-03-22,2020-02-29,CN,China,HE,Hebei,319.536,318
2020-03-22,2020-03-01,CN,China,HE,Hebei,320.499,318
2020-03-22,2020-03-02,CN,China,HE,Hebei,321.333,318
2020-03-22,2020-03-03,CN,China,HE,Hebei,322.054,318
2020-03-22,2020-03-05,CN,China,HE,Hebei,322.677,318
2020-03-22,2020-03-06,CN,China,HE,Hebei,323.217,318
2020-03-22,2020-03-08,CN,China,HE,Hebei,323.683,318
2020-03-22,2020-03-12,CN,China,HE,Hebei,324.086,318
2020-03-22,2020-03-13,CN,China,HE,Hebei,324.434,318
2020-03-22,2020-03-22,CN,China,HE,Hebei,324.734,319
2020-03-22,2020-03-23,CN,China,HE,Hebei,324.994,
2020-03-22,2020-03-24,CN,China,HE,Hebei,325.218,
2020-03-22,2020-03-25,CN,China,HE,Hebei,325.412,
2020-03-17,2020-02-26,CN,China,HI,Hainan,169.171,168
2020-03-17,2020-02-27,CN,China,HI,Hainan,169.818,168
2020-03-17,2020-02-28,CN,China,HI,Hainan,170.377,168
2020-03-17,2020-02-29,CN,China,HI,Hainan,170.859,168
2020-03-17,2020-03-01,CN,China,HI,Hainan,171.276,168
2020-03-17,2020-03-02,CN,China,HI,Hainan,171.636,168
2020-03-17,2020-03-04,CN,China,HI,Hainan,171.946,168
2020-03-17,2020-03-05,CN,China,HI,Hainan,172.214,168
2020-03-17,2020-03-08,CN,China,HI,Hainan,172.445,168
2020-03-17,2020-03-12,CN,China,HI,Hainan,172.644,168
2020-03-17,2020-03-17,CN,China,HI,Hainan,172.815,168
2020-03-17,2020-03-18,CN,China,HI,Hainan,172.963,
2020-03-17,2020-03-19,CN,China,HI,Hainan,173.091,
2020-03-17,2020-03-20,CN,China,HI,Hainan,173.201,
2020-03-22,2020-03-11,CN,China,HK,Hong Kong,138.232,126
2020-03-22,2020-03-12,CN,China,HK,Hong Kong,144.573,129
2020-03-22,2020-03-13,CN,China,HK,Hong Kong,151.204,131
2020-03-22,2020-03-14,CN,China,HK,Hong Kong,158.138,137
2020-03-22,2020-03-15,CN,China,HK,Hong Kong,165.389,145
2020-03-22,2020-03-16,CN,China,HK,Hong Kong,172.972,149
2020-03-22,2020-03-17,CN,China,HK,Hong Kong,180.902,157
2020-03-22,2020-03-18,CN,China,HK,Hong Kong,189.194,181
2020-03-22,2020-03-19,CN,China,HK,Hong Kong,197.865,192
2020-03-22,2020-03-20,CN,China,HK,Hong Kong,206.932,256
2020-03-22,2020-03-22,CN,China,HK,Hong Kong,216.414,273
2020-03-22,2020-03-23,CN,China,HK,Hong Kong,226.329,
2020-03-22,2020-03-24,CN,China,HK,Hong Kong,236.696,
2020-03-22,2020-03-25,CN,China,HK,Hong Kong,247.538,
2020-03-22,2020-03-11,CN,China,HL,Heilongjiang,485.814,482
2020-03-22,2020-03-12,CN,China,HL,Heilongjiang,485.917,482
2020-03-22,2020-03-13,CN,China,HL,Heilongjiang,486.002,482
2020-03-22,2020-03-14,CN,China,HL,Heilongjiang,486.073,482
2020-03-22,2020-03-15,CN,China,HL,Heilongjiang,486.132,482
2020-03-22,2020-03-16,CN,China,HL,Heilongjiang,486.18,482
2020-03-22,2020-03-17,CN,China,HL,Heilongjiang,486.22,482
2020-03-22,2020-03-18,CN,China,HL,Heilongjiang,486.254,482
2020-03-22,2020-03-19,CN,China,HL,Heilongjiang,486.281,483
2020-03-22,2020-03-20,CN,China,HL,Heilongjiang,486.304,484
2020-03-22,2020-03-22,CN,China,HL,Heilongjiang,486.323,484
2020-03-22,2020-03-23,CN,China,HL,Heilongjiang,486.339,
2020-03-22,2020-03-24,CN,China,HL,Heilongjiang,486.352,
2020-03-22,2020-03-25,CN,China,HL,Heilongjiang,486.363,
2020-03-14,2020-03-04,CN,China,HN,Hunan,1026.02,1018
2020-03-14,2020-03-05,CN,China,HN,Hunan,1026.355,1018
2020-03-14,2020-03-06,CN,China,HN,Hunan,1026.63,1018
2020-03-14,2020-03-07,CN,China,HN,Hunan,1026.857,1018
2020-03-14,2020-03-08,CN,China,HN,Hunan,1027.043,1018
2020-03-14,2020-03-09,CN,China,HN,Hunan,1027.197,1018
2020-03-14,2020-03-10,CN,China,HN,Hunan,1027.324,1018
2020-03-14,2020-03-11,CN,China,HN,Hunan,1027.428,1018
2020-03-14,2020-03-12,CN,China,HN,Hunan,1027.514,1018
2020-03-14,2020-03-13,CN,China,HN,Hunan,1027.584,1018
2020-03-14,2020-03-14,CN,China,HN,Hunan,1027.643,1018
2020-03-14,2020-03-15,CN,China,HN,Hunan,1027.69,
2020-03-14,2020-03-16,CN,China,HN,Hunan,1027.73,
2020-03-14,2020-03-17,CN,China,HN,Hunan,1027.762,
2020-03-13,2020-02-28,CN,China,JL,Jilin,92.704,93
2020-03-13,2020-02-29,CN,China,JL,Jilin,92.759,93
2020-03-13,2020-03-01,CN,China,JL,Jilin,92.802,93
2020-03-13,2020-03-02,CN,China,JL,Jilin,92.836,93
2020-03-13,2020-03-03,CN,China,JL,Jilin,92.862,93
2020-03-13,2020-03-04,CN,China,JL,Jilin,92.882,93
2020-03-13,2020-03-05,CN,China,JL,Jilin,92.898,93
2020-03-13,2020-03-06,CN,China,JL,Jilin,92.911,93
2020-03-13,2020-03-07,CN,China,JL,Jilin,92.921,93
2020-03-13,2020-03-10,CN,China,JL,Jilin,92.929,93
2020-03-13,2020-03-13,CN,China,JL,Jilin,92.935,93
2020-03-13,2020-03-14,CN,China,JL,Jilin,92.939,
2020-03-13,2020-03-15,CN,China,JL,Jilin,92.943,
2020-03-13,2020-03-16,CN,China,JL,Jilin,92.946,
2020-03-22,2020-03-04,CN,China,JS,Jiangsu,638.96,631
2020-03-22,2020-03-05,CN,China,JS,Jiangsu,639.41,631
2020-03-22,2020-03-06,CN,China,JS,Jiangsu,639.789,631
2020-03-22,2020-03-07,CN,China,JS,Jiangsu,640.107,631
2020-03-22,2020-03-08,CN,China,JS,Jiangsu,640.374,631
2020-03-22,2020-03-09,CN,China,JS,Jiangsu,640.599,631
2020-03-22,2020-03-10,CN,China,JS,Jiangsu,640.787,631
2020-03-22,2020-03-12,CN,China,JS,Jiangsu,640.946,631
2020-03-22,2020-03-13,CN,China,JS,Jiangsu,641.078,631
2020-03-22,2020-03-15,CN,China,JS,Jiangsu,641.19,631
2020-03-22,2020-03-22,CN,China,JS,Jiangsu,641.284,633
2020-03-22,2020-03-23,CN,China,JS,Jiangsu,641.363,
2020-03-22,2020-03-24,CN,China,JS,Jiangsu,641.429,
2020-03-22,2020-03-25,CN,China,JS,Jiangsu,641.484,
2020-03-22,2020-03-03,CN,China,JX,Jiangxi,943.579,935
2020-03-22,2020-03-04,CN,China,JX,Jiangxi,943.95,935
2020-03-22,2020-03-05,CN,China,JX,Jiangxi,944.253,935
2020-03-22,2020-03-06,CN,China,JX,Jiangxi,944.499,935
2020-03-22,2020-03-07,CN,China,JX,Jiangxi,944.7,935
2020-03-22,2020-03-08,CN,China,JX,Jiangxi,944.864,935
2020-03-22,2020-03-09,CN,China,JX,Jiangxi,944.998,935
2020-03-22,2020-03-10,CN,China,JX,Jiangxi,945.107,935
2020-03-22,2020-03-11,CN,China,JX,Jiangxi,945.195,935
2020-03-22,2020-03-12,CN,China,JX,Jiangxi,945.268,935
2020-03-22,2020-03-22,CN,China,JX,Jiangxi,945.327,936
2020-03-22,2020-03-23,CN,China,JX,Jiangxi,945.375,
2020-03-22,2020-03-24,CN,China,JX,Jiangxi,945.414,
2020-03-22,2020-03-25,CN,China,JX,Jiangxi,945.446,
2020-03-22,2020-03-03,CN,China,LN,Liaoning,124.261,125
2020-03-22,2020-03-04,CN,China,LN,Liaoning,124.335,125
2020-03-22,2020-03-08,CN,China,LN,Liaoning,124.397,125
2020-03-22,2020-03-10,CN,China,LN,Liaoning,124.449,125
2020-03-22,2020-03-12,CN,China,LN,Liaoning,124.493,125
2020-03-22,2020-03-14,CN,China,LN,Liaoning,124.531,125
2020-03-22,2020-03-15,CN,China,LN,Liaoning,124.562,125
2020-03-22,2020-03-17,CN,China,LN,Liaoning,124.589,125
2020-03-22,2020-03-18,CN,China,LN,Liaoning,124.612,125
2020-03-22,2020-03-20,CN,China,LN,Liaoning,124.631,126
2020-03-22,2020-03-22,CN,China,LN,Liaoning,124.647,126
2020-03-22,2020-03-23,CN,China,LN,Liaoning,124.66,
2020-03-22,2020-03-24,CN,China,LN,Liaoning,124.672,
2020-03-22,2020-03-25,CN,China,LN,Liaoning,124.681,
2020-03-16,2020-02-24,CN,China,NX,Ningxia,71.718,71
2020-03-16,2020-02-25,CN,China,NX,Ningxia,72.461,71
2020-03-16,2020-02-26,CN,China,NX,Ningxia,73.111,71
2020-03-16,2020-02-27,CN,China,NX,Ningxia,73.679,72
2020-03-16,2020-02-29,CN,China,NX,Ningxia,74.174,73
2020-03-16,2020-03-02,CN,China,NX,Ningxia,74.605,74
2020-03-16,2020-03-04,CN,China,NX,Ningxia,74.981,75
2020-03-16,2020-03-07,CN,China,NX,Ningxia,75.308,75
2020-03-16,2020-03-11,CN,China,NX,Ningxia,75.592,75
2020-03-16,2020-03-14,CN,China,NX,Ningxia,75.839,75
2020-03-16,2020-03-16,CN,China,NX,Ningxia,76.053,75
2020-03-16,2020-03-17,CN,China,NX,Ningxia,76.239,
2020-03-16,2020-03-18,CN,China,NX,Ningxia,76.401,
2020-03-16,2020-03-19,CN,China,NX,Ningxia,76.541,
2020-02-24,2020-02-03,CN,China,QH,Qinghai,13.535,13
2020-02-24,2020-02-04,CN,China,QH,Qinghai,15.459,15
2020-02-24,2020-02-05,CN,China,QH,Qinghai,16.637,17
2020-02-24,2020-02-06,CN,China,QH,Qinghai,17.325,18
2020-02-24,2020-02-12,CN,China,QH,Qinghai,17.717,18
2020-02-24,2020-02-13,CN,China,QH,Qinghai,17.937,18
2020-02-24,2020-02-15,CN,China,QH,Qinghai,18.06,18
2020-02-24,2020-02-18,CN,China,QH,Qinghai,18.128,18
2020-02-24,2020-02-19,CN,China,QH,Qinghai,18.165,18
2020-02-24,2020-02-21,CN,China,QH,Qinghai,18.186,18
2020-02-24,2020-02-24,CN,China,QH,Qinghai,18.198,18
2020-02-24,2020-02-25,CN,China,QH,Qinghai,18.204,
2020-02-24,2020-02-26,CN,China,QH,Qinghai,18.208,
2020-02-24,2020-02-27,CN,China,QH,Qinghai,18.21,
2020-03-22,2020-03-11,CN,China,SC,Sichuan,542.449,539
2020-03-22,2020-03-12,CN,China,SC,Sichuan,542.733,539
2020-03-22,2020-03-13,CN,China,SC,Sichuan,542.98,539
2020-03-22,2020-03-14,CN,China,SC,Sichuan,543.194,539
2020-03-22,2020-03-15,CN,China,SC,Sichuan,543.38,539
2020-03-22,2020-03-17,CN,China,SC,Sichuan,543.541,540
2020-03-22,2020-03-18,CN,China,SC,Sichuan,543.681,540
2020-03-22,2020-03-19,CN,China,SC,Sichuan,543.802,540
2020-03-22,2020-03-20,CN,China,SC,Sichuan,543.907,541
2020-03-22,2020-03-21,CN,China,SC,Sichuan,543.999,542
2020-03-22,2020-03-22,CN,China,SC,Sichuan,544.078,543
2020-03-22,2020-03-23,CN,China,SC,Sichuan,544.146,
2020-03-22,2020-03-24,CN,China,SC,Sichuan,544.206,
2020-03-22,2020-03-25,CN,China,SC,Sichuan,544.257,
2020-03-22,2020-03-10,CN,China,SD,Shandong,768.299,758
2020-03-22,2020-03-11,CN,China,SD,Shandong,770.417,760
2020-03-22,2020-03-12,CN,China,SD,Shandong,772.333,760
2020-03-22,2020-03-13,CN,China,SD,Shandong,774.065,760
2020-03-22,2020-03-14,CN,China,SD,Shandong,775.632,760
2020-03-22,2020-03-16,CN,China,SD,Shandong,777.049,760
2020-03-22,2020-03-17,CN,China,SD,Shandong,778.33,761
2020-03-22,2020-03-19,CN,China,SD,Shandong,779.487,761
2020-03-22,2020-03-20,CN,China,SD,Shandong,780.533,762
2020-03-22,2020-03-21,CN,China,SD,Shandong,781.478,764
2020-03-22,2020-03-22,CN,China,SD,Shandong,782.332,765
2020-03-22,2020-03-23,CN,China,SD,Shandong,783.103,
2020-03-22,2020-03-24,CN,China,SD,Shandong,783.799,
2020-03-22,2020-03-25,CN,China,SD,Shandong,784.428,
2020-03-22,2020-03-12,CN,China,SH,Shanghai,348.04,344
2020-03-22,2020-03-13,CN,China,SH,Shanghai,348.08,346
2020-03-22,2020-03-14,CN,China,SH,Shanghai,348.113,352
2020-03-22,2020-03-15,CN,China,SH,Shanghai,348.141,353
2020-03-22,2020-03-16,CN,China,SH,Shanghai,348.165,355
2020-03-22,2020-03-17,CN,China,SH,Shanghai,348.184,358
2020-03-22,2020-03-18,CN,China,SH,Shanghai,348.201,361
2020-03-22,2020-03-19,CN,China,SH,Shanghai,348.215,363
2020-03-22,2020-03-20,CN,China,SH,Shanghai,348.227,371
2020-03-22,2020-03-21,CN,China,SH,Shanghai,348.237,380
2020-03-22,2020-03-22,CN,China,SH,Shanghai,348.245,394
2020-03-22,2020-03-23,CN,China,SH,Shanghai,348.252,
2020-03-22,2020-03-24,CN,China,SH,Shanghai,348.258,
2020-03-22,2020-03-25,CN,China,SH,Shanghai,348.263,
2020-03-21,2020-03-05,CN,China,SN,Shaanxi,247.055,245
2020-03-21,2020-03-07,CN,China,SN,Shaanxi,247.157,245
2020-03-21,2020-03-09,CN,China,SN,Shaanxi,247.241,245
2020-03-21,2020-03-10,CN,China,SN,Shaanxi,247.311,245
2020-03-21,2020-03-11,CN,China,SN,Shaanxi,247.37,245
2020-03-21,2020-03-12,CN,China,SN,Shaanxi,247.419,245
2020-03-21,2020-03-16,CN,China,SN,Shaanxi,247.459,245
2020-03-21,2020-03-17,CN,China,SN,Shaanxi,247.493,246
2020-03-21,2020-03-18,CN,China,SN,Shaanxi,247.521,246
2020-03-21,2020-03-20,CN,China,SN,Shaanxi,247.544,247
2020-03-21,2020-03-21,CN,China,SN,Shaanxi,247.564,248
2020-03-21,2020-03-22,CN,China,SN,Shaanxi,247.58,
2020-03-21,2020-03-23,CN,China,SN,Shaanxi,247.593,
2020-03-21,2020-03-24,CN,China,SN,Shaanxi,247.605,
2020-03-13,2020-02-28,CN,China,SN,Shanxi,133.698,133
2020-03-13,2020-02-29,CN,China,SN,Shanxi,133.819,133
2020-03-13,2020-03-01,CN,China,SN,Shanxi,133.918,133
2020-03-13,2020-03-02,CN,China,SN,Shanxi,134.0,133
2020-03-13,2020-03-03,CN,China,SN,Shanxi,134.068,133
2020-03-13,2020-03-04,CN,China,SN,Shanxi,134.124,133
2020-03-13,2020-03-06,CN,China,SN,Shanxi,134.169,133
2020-03-13,2020-03-10,CN,China,SN,Shanxi,134.207,133
2020-03-13,2020-03-11,CN,China,SN,Shanxi,134.238,133
2020-03-13,2020-03-12,CN,China,SN,Shanxi,134.264,133
2020-03-13,2020-03-13,CN,China,SN,Shanxi,134.285,133
2020-03-13,2020-03-14,CN,China,SN,Shanxi,134.302,
2020-03-13,2020-03-15,CN,China,SN,Shanxi,134.316,
2020-03-13,2020-03-16,CN,China,SN,Shanxi,134.328,
2020-03-20,2020-03-01,CN,China,TJ,Tianjin,136.627,136
2020-03-20,2020-03-02,CN,China,TJ,Tianjin,136.985,136
2020-03-20,2020-03-03,CN,China,TJ,Tianjin,137.297,136
2020-03-20,2020-03-04,CN,China,TJ,Tianjin,137.569,136
2020-03-20,2020-03-05,CN,China,TJ,Tianjin,137.805,136
2020-03-20,2020-03-09,CN,China,TJ,Tianjin,138.011,136
2020-03-20,2020-03-10,CN,China,TJ,Tianjin,138.19,136
2020-03-20,2020-03-11,CN,China,TJ,Tianjin,138.346,136
2020-03-20,2020-03-12,CN,China,TJ,Tianjin,138.481,136
2020-03-20,2020-03-15,CN,China,TJ,Tianjin,138.599,136
2020-03-20,2020-03-20,CN,China,TJ,Tianjin,138.701,137
2020-03-20,2020-03-21,CN,China,TJ,Tianjin,138.79,
2020-03-20,2020-03-22,CN,China,TJ,Tianjin,138.867,
2020-03-20,2020-03-23,CN,China,TJ,Tianjin,138.935,
2020-03-08,2020-02-24,CN,China,XJ,Xinjiang,75.409,76
2020-03-08,2020-02-25,CN,China,XJ,Xinjiang,76.049,76
2020-03-08,2020-02-27,CN,China,XJ,Xinjiang,76.606,76
2020-03-08,2020-02-28,CN,China,XJ,Xinjiang,77.091,76
2020-03-08,2020-03-01,CN,China,XJ,Xinjiang,77.513,76
2020-03-08,2020-03-02,CN,China,XJ,Xinjiang,77.879,76
2020-03-08,2020-03-03,CN,China,XJ,Xinjiang,78.197,76
2020-03-08,2020-03-05,CN,China,XJ,Xinjiang,78.472,76
2020-03-08,2020-03-06,CN,China,XJ,Xinjiang,78.711,76
2020-03-08,2020-03-07,CN,China,XJ,Xinjiang,78.918,76
2020-03-08,2020-03-08,CN,China,XJ,Xinjiang,79.098,76
2020-03-08,2020-03-09,CN,China,XJ,Xinjiang,79.253,
2020-03-08,2020-03-10,CN,China,XJ,Xinjiang,79.388,
2020-03-08,2020-03-11,CN,China,XJ,Xinjiang,79.504,
2020-03-17,2020-02-26,CN,China,YN,Yunnan,173.563,174
2020-03-17,2020-02-27,CN,China,YN,Yunnan,173.771,174
2020-03-17,2020-02-28,CN,China,YN,Yunnan,173.943,174
2020-03-17,2020-02-29,CN,China,YN,Yunnan,174.087,174
2020-03-17,2020-03-01,CN,China,YN,Yunnan,174.207,174
2020-03-17,2020-03-02,CN,China,YN,Yunnan,174.307,174
2020-03-17,2020-03-03,CN,China,YN,Yunnan,174.39,174
2020-03-17,2020-03-06,CN,China,YN,Yunnan,174.46,174
2020-03-17,2020-03-15,CN,China,YN,Yunnan,174.518,174
2020-03-17,2020-03-16,CN,China,YN,Yunnan,174.566,175
2020-03-17,2020-03-17,CN,China,YN,Yunnan,174.606,176
2020-03-17,2020-03-18,CN,China,YN,Yunnan,174.639,
2020-03-17,2020-03-19,CN,China,YN,Yunnan,174.667,
2020-03-17,2020-03-20,CN,China,YN,Yunnan,174.69,
2020-03-22,2020-03-10,CN,China,ZJ,Zhejiang,1215.04,1215
2020-03-22,2020-03-11,CN,China,ZJ,Zhejiang,1215.092,1215
2020-03-22,2020-03-12,CN,China,ZJ,Zhejiang,1215.134,1215
2020-03-22,2020-03-14,CN,China,ZJ,Zhejiang,1215.168,1227
2020-03-22,2020-03-15,CN,China,ZJ,Zhejiang,1215.195,1231
2020-03-22,2020-03-16,CN,China,ZJ,Zhejiang,1215.217,1231
2020-03-22,2020-03-17,CN,China,ZJ,Zhejiang,1215.235,1232
2020-03-22,2020-03-19,CN,China,ZJ,Zhejiang,1215.25,1234
2020-03-22,2020-03-20,CN,China,ZJ,Zhejiang,1215.262,1234
2020-03-22,2020-03-21,CN,China,ZJ,Zhejiang,1215.271,1236
2020-03-22,2020-03-22,CN,China,ZJ,Zhejiang,1215.279,1237
2020-03-22,2020-03-23,CN,China,ZJ,Zhejiang,1215.285,
2020-03-22,2020-03-24,CN,China,ZJ,Zhejiang,1215.29,
2020-03-22,2020-03-25,CN,China,ZJ,Zhejiang,1215.294,
2020-03-21,2020-03-11,CN,China,,,81750.637,80908
2020-03-21,2020-03-12,CN,China,,,81829.194,80932
2020-03-21,2020-03-13,CN,China,,,81897.038,80954
2020-03-21,2020-03-14,CN,China,,,81955.623,80973
2020-03-21,2020-03-15,CN,China,,,82006.207,80995
2020-03-21,2020-03-16,CN,China,,,82049.879,81020
2020-03-21,2020-03-17,CN,China,,,82087.581,81130
2020-03-21,2020-03-18,CN,China,,,82120.125,81163
2020-03-21,2020-03-19,CN,China,,,82148.217,81238
2020-03-21,2020-03-20,CN,China,,,82172.464,81337
2020-03-21,2020-03-21,CN,China,,,82193.392,81416
2020-03-21,2020-03-22,CN,China,,,82211.454,
2020-03-21,2020-03-23,CN,China,,,82227.041,
2020-03-21,2020-03-24,CN,China,,,82240.494,
2020-03-21,2020-03-11,CR,Costa Rica,,,11.722,13
2020-03-21,2020-03-12,CR,Costa Rica,,,14.662,22
2020-03-21,2020-03-13,CR,Costa Rica,,,18.337,23
2020-03-21,2020-03-14,CR,Costa Rica,,,22.93,26
2020-03-21,2020-03-15,CR,Costa Rica,,,28.671,27
2020-03-21,2020-03-16,CR,Costa Rica,,,35.843,35
2020-03-21,2020-03-17,CR,Costa Rica,,,44.803,41
2020-03-21,2020-03-18,CR,Costa Rica,,,55.996,50
2020-03-21,2020-03-19,CR,Costa Rica,,,69.975,69
2020-03-21,2020-03-20,CR,Costa Rica,,,87.432,87
2020-03-21,2020-03-21,CR,Costa Rica,,,109.23,113
2020-03-21,2020-03-22,CR,Costa Rica,,,136.444,
2020-03-21,2020-03-23,CR,Costa Rica,,,170.416,
2020-03-21,2020-03-24,CR,Costa Rica,,,212.817,
2020-03-21,2020-03-11,CZ,Czech Republic,,,68.914,63
2020-03-21,2020-03-12,CZ,Czech Republic,,,91.016,94
2020-03-21,2020-03-13,CZ,Czech Republic,,,119.576,116
2020-03-21,2020-03-14,CZ,Czech Republic,,,156.291,150
2020-03-21,2020-03-15,CZ,Czech Republic,,,203.251,214
2020-03-21,2020-03-16,CZ,Czech Republic,,,263.014,298
2020-03-21,2020-03-17,CZ,Czech Republic,,,338.699,344
2020-03-21,2020-03-18,CZ,Czech Republic,,,434.086,434
2020-03-21,2020-03-19,CZ,Czech Republic,,,553.739,522
2020-03-21,2020-03-20,CZ,Czech Republic,,,703.137,694
2020-03-21,2020-03-21,CZ,Czech Republic,,,888.829,904
2020-03-21,2020-03-22,CZ,Czech Republic,,,1118.604,
2020-03-21,2020-03-23,CZ,Czech Republic,,,1401.686,
2020-03-21,2020-03-24,CZ,Czech Republic,,,1748.948,
2020-03-21,2020-03-11,DE,Germany,,,1121.146,1296
2020-03-21,2020-03-12,DE,Germany,,,1479.26,1567
2020-03-21,2020-03-13,DE,Germany,,,1951.356,2369
2020-03-21,2020-03-14,DE,Germany,,,2573.582,3062
2020-03-21,2020-03-15,DE,Germany,,,3393.51,3795
2020-03-21,2020-03-16,DE,Germany,,,4473.734,4838
2020-03-21,2020-03-17,DE,Germany,,,5896.589,6012
2020-03-21,2020-03-18,DE,Germany,,,7770.367,7156
2020-03-21,2020-03-19,DE,Germany,,,10237.459,8198
2020-03-21,2020-03-20,DE,Germany,,,13485.058,14138
2020-03-21,2020-03-21,DE,Germany,,,17759.207,18323
2020-03-21,2020-03-22,DE,Germany,,,23383.229,
2020-03-21,2020-03-23,DE,Germany,,,30781.914,
2020-03-21,2020-03-24,DE,Germany,,,40513.247,
2020-03-21,2020-03-11,DK,Denmark,,,301.907,264
2020-03-21,2020-03-12,DK,Denmark,,,453.185,516
2020-03-21,2020-03-13,DK,Denmark,,,604.068,676
2020-03-21,2020-03-14,DK,Denmark,,,740.273,804
2020-03-21,2020-03-15,DK,Denmark,,,854.813,827
2020-03-21,2020-03-16,DK,Denmark,,,946.404,875
2020-03-21,2020-03-17,DK,Denmark,,,1017.075,932
2020-03-21,2020-03-18,DK,Denmark,,,1070.242,1024
2020-03-21,2020-03-19,DK,Denmark,,,1109.53,1115
2020-03-21,2020-03-20,DK,Denmark,,,1138.195,1151
2020-03-21,2020-03-21,DK,Denmark,,,1158.923,1255
2020-03-21,2020-03-22,DK,Denmark,,,1173.815,
2020-03-21,2020-03-23,DK,Denmark,,,1184.468,
2020-03-21,2020-03-24,DK,Denmark,,,1192.063,
2020-03-21,2020-03-09,DZ,Algeria,,,17.546,20
2020-03-21,2020-03-12,DZ,Algeria,,,21.684,20
2020-03-21,2020-03-13,DZ,Algeria,,,26.503,24
2020-03-21,2020-03-14,DZ,Algeria,,,32.055,26
2020-03-21,2020-03-15,DZ,Algeria,,,38.386,37
2020-03-21,2020-03-16,DZ,Algeria,,,45.537,48
2020-03-21,2020-03-17,DZ,Algeria,,,53.54,60
2020-03-21,2020-03-18,DZ,Algeria,,,62.419,60
2020-03-21,2020-03-19,DZ,Algeria,,,72.189,73
2020-03-21,2020-03-20,DZ,Algeria,,,82.856,82
2020-03-21,2020-03-21,DZ,Algeria,,,94.417,94
2020-03-21,2020-03-22,DZ,Algeria,,,106.859,
2020-03-21,2020-03-23,DZ,Algeria,,,120.161,
2020-03-21,2020-03-24,DZ,Algeria,,,134.292,
2020-03-21,2020-03-09,EC,Ecuador,,,3.094,14
2020-03-21,2020-03-10,EC,Ecuador,,,5.053,15
2020-03-21,2020-03-11,EC,Ecuador,,,8.245,17
2020-03-21,2020-03-14,EC,Ecuador,,,13.447,23
2020-03-21,2020-03-15,EC,Ecuador,,,21.916,28
2020-03-21,2020-03-16,EC,Ecuador,,,35.697,37
2020-03-21,2020-03-17,EC,Ecuador,,,58.105,58
2020-03-21,2020-03-18,EC,Ecuador,,,94.518,111
2020-03-21,2020-03-19,EC,Ecuador,,,153.653,168
2020-03-21,2020-03-20,EC,Ecuador,,,249.625,199
2020-03-21,2020-03-21,EC,Ecuador,,,405.285,426
2020-03-21,2020-03-22,EC,Ecuador,,,657.59,
2020-03-21,2020-03-23,EC,Ecuador,,,1066.286,
2020-03-21,2020-03-24,EC,Ecuador,,,1727.892,
2020-03-21,2020-03-11,EE,Estonia,,,2.203,13
2020-03-21,2020-03-12,EE,Estonia,,,11.845,16
2020-03-21,2020-03-13,EE,Estonia,,,35.845,27
2020-03-21,2020-03-14,EE,Estonia,,,74.304,79
2020-03-21,2020-03-15,EE,Estonia,,,120.067,115
2020-03-21,2020-03-16,EE,Estonia,,,164.674,171
2020-03-21,2020-03-17,EE,Estonia,,,202.744,205
2020-03-21,2020-03-18,EE,Estonia,,,232.492,225
2020-03-21,2020-03-19,EE,Estonia,,,254.42,258
2020-03-21,2020-03-20,EE,Estonia,,,269.973,267
2020-03-21,2020-03-21,EE,Estonia,,,280.727,283
2020-03-21,2020-03-22,EE,Estonia,,,288.039,
2020-03-21,2020-03-23,EE,Estonia,,,292.957,
2020-03-21,2020-03-24,EE,Estonia,,,296.24,
2020-03-21,2020-03-11,EG,Egypt,,,53.984,59
2020-03-21,2020-03-12,EG,Egypt,,,63.055,60
2020-03-21,2020-03-13,EG,Egypt,,,73.64,80
2020-03-21,2020-03-14,EG,Egypt,,,85.992,93
2020-03-21,2020-03-15,EG,Egypt,,,100.402,93
2020-03-21,2020-03-16,EG,Egypt,,,117.212,110
2020-03-21,2020-03-17,EG,Egypt,,,136.819,126
2020-03-21,2020-03-18,EG,Egypt,,,159.685,166
2020-03-21,2020-03-19,EG,Egypt,,,186.349,196
2020-03-21,2020-03-20,EG,Egypt,,,217.437,210
2020-03-21,2020-03-21,EG,Egypt,,,253.68,256
2020-03-21,2020-03-22,EG,Egypt,,,295.926,
2020-03-21,2020-03-23,EG,Egypt,,,345.163,
2020-03-21,2020-03-24,EG,Egypt,,,402.541,
2020-03-21,2020-03-09,ES,Spain,AN,Andalucía,13.867,54
2020-03-21,2020-03-10,ES,Spain,AN,Andalucía,38.753,71
2020-03-21,2020-03-11,ES,Spain,AN,Andalucía,88.695,90
2020-03-21,2020-03-12,ES,Spain,AN,Andalucía,172.824,115
2020-03-21,2020-03-13,ES,Spain,AN,Andalucía,295.808,219
2020-03-21,2020-03-16,ES,Spain,AN,Andalucía,456.095,554
2020-03-21,2020-03-17,ES,Spain,AN,Andalucía,646.48,683
2020-03-21,2020-03-18,ES,Spain,AN,Andalucía,856.274,859
2020-03-21,2020-03-19,ES,Spain,AN,Andalucía,1073.864,1008
2020-03-21,2020-03-20,ES,Spain,AN,Andalucía,1288.769,1287
2020-03-21,2020-03-21,ES,Spain,AN,Andalucía,1492.808,1515
2020-03-21,2020-03-22,ES,Spain,AN,Andalucía,1680.461,
2020-03-21,2020-03-23,ES,Spain,AN,Andalucía,1848.668,
2020-03-21,2020-03-24,ES,Spain,AN,Andalucía,1996.355,
2020-03-21,2020-03-09,ES,Spain,AR,Aragón,17.022,13
2020-03-21,2020-03-10,ES,Spain,AR,Aragón,29.443,38
2020-03-21,2020-03-11,ES,Spain,AR,Aragón,47.502,45
2020-03-21,2020-03-12,ES,Spain,AR,Aragón,72.118,64
2020-03-21,2020-03-13,ES,Spain,AR,Aragón,103.831,80
2020-03-21,2020-03-16,ES,Spain,AR,Aragón,142.724,174
2020-03-21,2020-03-17,ES,Spain,AR,Aragón,188.413,207
2020-03-21,2020-03-18,ES,Spain,AR,Aragón,240.102,226
2020-03-21,2020-03-19,ES,Spain,AR,Aragón,296.689,281
2020-03-21,2020-03-20,ES,Spain,AR,Aragón,356.884,360
2020-03-21,2020-03-21,ES,Spain,AR,Aragón,419.332,424
2020-03-21,2020-03-22,ES,Spain,AR,Aragón,482.713,
2020-03-21,2020-03-23,ES,Spain,AR,Aragón,545.823,
2020-03-21,2020-03-24,ES,Spain,AR,Aragón,607.621,
2020-03-21,2020-03-09,ES,Spain,CB,Cantabria,6.48,12
2020-03-21,2020-03-10,ES,Spain,CB,Cantabria,9.175,12
2020-03-21,2020-03-11,ES,Spain,CB,Cantabria,12.986,12
2020-03-21,2020-03-12,ES,Spain,CB,Cantabria,18.374,16
2020-03-21,2020-03-13,ES,Spain,CB,Cantabria,25.989,29
2020-03-21,2020-03-16,ES,Spain,CB,Cantabria,36.748,58
2020-03-21,2020-03-17,ES,Spain,CB,Cantabria,51.944,58
2020-03-21,2020-03-18,ES,Spain,CB,Cantabria,73.4,68
2020-03-21,2020-03-19,ES,Spain,CB,Cantabria,103.685,83
2020-03-21,2020-03-20,ES,Spain,CB,Cantabria,146.418,144
2020-03-21,2020-03-21,ES,Spain,CB,Cantabria,206.698,215
2020-03-21,2020-03-22,ES,Spain,CB,Cantabria,291.7,
2020-03-21,2020-03-23,ES,Spain,CB,Cantabria,411.526,
2020-03-21,2020-03-24,ES,Spain,CB,Cantabria,580.387,
2020-03-21,2020-03-09,ES,Spain,CL,Castilla y León,15.578,23
2020-03-21,2020-03-10,ES,Spain,CL,Castilla y León,33.1,56
2020-03-21,2020-03-11,ES,Spain,CL,Castilla y León,64.28,71
2020-03-21,2020-03-12,ES,Spain,CL,Castilla y León,115.323,92
2020-03-21,2020-03-13,ES,Spain,CL,Castilla y León,192.958,169
2020-03-21,2020-03-16,ES,Spain,CL,Castilla y León,303.617,334
2020-03-21,2020-03-17,ES,Spain,CL,Castilla y León,452.577,431
2020-03-21,2020-03-18,ES,Spain,CL,Castilla y León,643.231,668
2020-03-21,2020-03-19,ES,Spain,CL,Castilla y León,876.634,868
2020-03-21,2020-03-20,ES,Spain,CL,Castilla y León,1151.388,1147
2020-03-21,2020-03-21,ES,Spain,CL,Castilla y León,1463.837,1466
2020-03-21,2020-03-22,ES,Spain,CL,Castilla y León,1808.499,
2020-03-21,2020-03-23,ES,Spain,CL,Castilla y León,2178.632,
2020-03-21,2020-03-24,ES,Spain,CL,Castilla y León,2566.833,
2020-03-21,2020-03-09,ES,Spain,CN,Islas Canarias,17.005,22
2020-03-21,2020-03-10,ES,Spain,CN,Islas Canarias,26.266,25
2020-03-21,2020-03-11,ES,Spain,CN,Islas Canarias,39.103,37
2020-03-21,2020-03-12,ES,Spain,CN,Islas Canarias,56.283,51
2020-03-21,2020-03-13,ES,Spain,CN,Islas Canarias,78.552,70
2020-03-21,2020-03-16,ES,Spain,CN,Islas Canarias,106.579,119
2020-03-21,2020-03-17,ES,Spain,CN,Islas Canarias,140.916,148
2020-03-21,2020-03-18,ES,Spain,CN,Islas Canarias,181.961,181
2020-03-21,2020-03-19,ES,Spain,CN,Islas Canarias,229.927,220
2020-03-21,2020-03-20,ES,Spain,CN,Islas Canarias,284.836,287
2020-03-21,2020-03-21,ES,Spain,CN,Islas Canarias,346.516,348
2020-03-21,2020-03-22,ES,Spain,CN,Islas Canarias,414.611,
2020-03-21,2020-03-23,ES,Spain,CN,Islas Canarias,488.605,
2020-03-21,2020-03-24,ES,Spain,CN,Islas Canarias,567.851,
2020-03-21,2020-03-09,ES,Spain,CT,Cataluña,13.645,75
2020-03-21,2020-03-10,ES,Spain,CT,Cataluña,43.667,124
2020-03-21,2020-03-11,ES,Spain,CT,Cataluña,114.296,156
2020-03-21,2020-03-12,ES,Spain,CT,Cataluña,253.33,260
2020-03-21,2020-03-13,ES,Spain,CT,Cataluña,489.326,316
2020-03-21,2020-03-16,ES,Spain,CT,Cataluña,843.52,903
2020-03-21,2020-03-17,ES,Spain,CT,Cataluña,1323.479,1394
2020-03-21,2020-03-18,ES,Spain,CT,Cataluña,1921.006,1866
2020-03-21,2020-03-19,ES,Spain,CT,Cataluña,2614.41,2702
2020-03-21,2020-03-20,ES,Spain,CT,Cataluña,3373.538,3270
2020-03-21,2020-03-21,ES,Spain,CT,Cataluña,4165.457,4203
2020-03-21,2020-03-22,ES,Spain,CT,Cataluña,4959.204,
2020-03-21,2020-03-23,ES,Spain,CT,Cataluña,5728.872,
2020-03-21,2020-03-24,ES,Spain,CT,Cataluña,6455.011,
2020-03-21,2020-03-09,ES,Spain,IB,Islas Baleares,3.662,11
2020-03-21,2020-03-10,ES,Spain,IB,Islas Baleares,7.708,13
2020-03-21,2020-03-11,ES,Spain,IB,Islas Baleares,14.67,16
2020-03-21,2020-03-12,ES,Spain,IB,Islas Baleares,25.589,22
2020-03-21,2020-03-13,ES,Spain,IB,Islas Baleares,41.4,30
2020-03-21,2020-03-16,ES,Spain,IB,Islas Baleares,62.759,73
2020-03-21,2020-03-17,ES,Spain,IB,Islas Baleares,89.928,92
2020-03-21,2020-03-18,ES,Spain,IB,Islas Baleares,122.738,112
2020-03-21,2020-03-19,ES,Spain,IB,Islas Baleares,160.615,169
2020-03-21,2020-03-20,ES,Spain,IB,Islas Baleares,202.668,203
2020-03-21,2020-03-21,ES,Spain,IB,Islas Baleares,247.81,246
2020-03-21,2020-03-22,ES,Spain,IB,Islas Baleares,294.872,
2020-03-21,2020-03-23,ES,Spain,IB,Islas Baleares,342.713,
2020-03-21,2020-03-24,ES,Spain,IB,Islas Baleares,390.295,
2020-03-21,2020-03-09,ES,Spain,MD,Madrid,252.891,469
2020-03-21,2020-03-10,ES,Spain,MD,Madrid,552.274,782
2020-03-21,2020-03-11,ES,Spain,MD,Madrid,1034.302,1024
2020-03-21,2020-03-12,ES,Spain,MD,Madrid,1712.134,1388
2020-03-21,2020-03-13,ES,Spain,MD,Madrid,2566.67,1990
2020-03-21,2020-03-16,ES,Spain,MD,Madrid,3553.156,4165
2020-03-21,2020-03-17,ES,Spain,MD,Madrid,4613.964,4871
2020-03-21,2020-03-18,ES,Spain,MD,Madrid,5691.35,5637
2020-03-21,2020-03-19,ES,Spain,MD,Madrid,6736.402,6777
2020-03-21,2020-03-20,ES,Spain,MD,Madrid,7713.278,7165
2020-03-21,2020-03-21,ES,Spain,MD,Madrid,8599.658,8921
2020-03-21,2020-03-22,ES,Spain,MD,Madrid,9384.915,
2020-03-21,2020-03-23,ES,Spain,MD,Madrid,10067.334,
2020-03-21,2020-03-24,ES,Spain,MD,Madrid,10651.286,
2020-03-21,2020-03-09,ES,Spain,PV,País Vasco,111.992,149
2020-03-21,2020-03-10,ES,Spain,PV,País Vasco,167.143,195
2020-03-21,2020-03-11,ES,Spain,PV,País Vasco,240.8,225
2020-03-21,2020-03-12,ES,Spain,PV,País Vasco,335.926,346
2020-03-21,2020-03-13,ES,Spain,PV,País Vasco,455.073,417
2020-03-21,2020-03-16,ES,Spain,PV,País Vasco,600.198,630
2020-03-21,2020-03-17,ES,Spain,PV,País Vasco,772.517,765
2020-03-21,2020-03-18,ES,Spain,PV,País Vasco,972.426,973
2020-03-21,2020-03-19,ES,Spain,PV,País Vasco,1199.478,1190
2020-03-21,2020-03-20,ES,Spain,PV,País Vasco,1452.421,1465
2020-03-21,2020-03-21,ES,Spain,PV,País Vasco,1729.279,1725
2020-03-21,2020-03-22,ES,Spain,PV,País Vasco,2027.48,
2020-03-21,2020-03-23,ES,Spain,PV,País Vasco,2343.992,
2020-03-21,2020-03-24,ES,Spain,PV,País Vasco,2675.473,
2020-03-21,2020-03-09,ES,Spain,RI,La Rioja,80.368,81
2020-03-21,2020-03-10,ES,Spain,RI,La Rioja,116.442,144
2020-03-21,2020-03-11,ES,Spain,RI,La Rioja,159.117,179
2020-03-21,2020-03-12,ES,Spain,RI,La Rioja,206.972,205
2020-03-21,2020-03-13,ES,Spain,RI,La Rioja,258.272,243
2020-03-21,2020-03-16,ES,Spain,RI,La Rioja,311.214,312
2020-03-21,2020-03-17,ES,Spain,RI,La Rioja,364.129,355
2020-03-21,2020-03-18,ES,Spain,RI,La Rioja,415.608,419
2020-03-21,2020-03-19,ES,Spain,RI,La Rioja,464.564,468
2020-03-21,2020-03-20,ES,Spain,RI,La Rioja,510.236,497
2020-03-21,2020-03-21,ES,Spain,RI,La Rioja,552.163,564
2020-03-21,2020-03-22,ES,Spain,RI,La Rioja,590.131,
2020-03-21,2020-03-23,ES,Spain,RI,La Rioja,624.122,
2020-03-21,2020-03-24,ES,Spain,RI,La Rioja,654.26,
2020-03-21,2020-03-09,ES,Spain,VC,Comunidad Valenciana,2.443,37
2020-03-21,2020-03-10,ES,Spain,VC,Comunidad Valenciana,11.372,50
2020-03-21,2020-03-11,ES,Spain,VC,Comunidad Valenciana,37.457,65
2020-03-21,2020-03-12,ES,Spain,VC,Comunidad Valenciana,94.368,76
2020-03-21,2020-03-13,ES,Spain,VC,Comunidad Valenciana,193.143,94
2020-03-21,2020-03-16,ES,Spain,VC,Comunidad Valenciana,336.502,409
2020-03-21,2020-03-17,ES,Spain,VC,Comunidad Valenciana,517.461,541
2020-03-21,2020-03-18,ES,Spain,VC,Comunidad Valenciana,722.342,726
2020-03-21,2020-03-19,ES,Spain,VC,Comunidad Valenciana,935.475,921
2020-03-21,2020-03-20,ES,Spain,VC,Comunidad Valenciana,1143.066,1105
2020-03-21,2020-03-21,ES,Spain,VC,Comunidad Valenciana,1335.175,1363
2020-03-21,2020-03-22,ES,Spain,VC,Comunidad Valenciana,1506.03,
2020-03-21,2020-03-23,ES,Spain,VC,Comunidad Valenciana,1653.368,
2020-03-21,2020-03-24,ES,Spain,VC,Comunidad Valenciana,1777.421,
2020-03-22,2020-03-12,ES,Spain,,,2446.926,2182
2020-03-22,2020-03-13,ES,Spain,,,3286.818,3004
2020-03-22,2020-03-14,ES,Spain,,,4341.936,4334
2020-03-22,2020-03-15,ES,Spain,,,5646.17,6393
2020-03-22,2020-03-16,ES,Spain,,,7233.924,7753
2020-03-22,2020-03-17,ES,Spain,,,9139.197,9191
2020-03-22,2020-03-18,ES,Spain,,,11394.637,11178
2020-03-22,2020-03-19,ES,Spain,,,14030.591,13716
2020-03-22,2020-03-20,ES,Spain,,,17074.215,17147
2020-03-22,2020-03-21,ES,Spain,,,20548.678,19980
2020-03-22,2020-03-22,ES,Spain,,,24472.483,24926
2020-03-22,2020-03-23,ES,Spain,,,28858.942,
2020-03-22,2020-03-24,ES,Spain,,,33715.821,
2020-03-22,2020-03-25,ES,Spain,,,39045.139,
2020-03-21,2020-03-09,FI,Finland,,,25.394,30
2020-03-21,2020-03-10,FI,Finland,,,52.309,40
2020-03-21,2020-03-12,FI,Finland,,,90.722,59
2020-03-21,2020-03-13,FI,Finland,,,138.015,155
2020-03-21,2020-03-15,FI,Finland,,,190.008,210
2020-03-21,2020-03-16,FI,Finland,,,242.419,267
2020-03-21,2020-03-17,FI,Finland,,,291.863,272
2020-03-21,2020-03-18,FI,Finland,,,336.205,319
2020-03-21,2020-03-19,FI,Finland,,,374.463,369
2020-03-21,2020-03-20,FI,Finland,,,406.511,400
2020-03-21,2020-03-21,FI,Finland,,,432.76,450
2020-03-21,2020-03-22,FI,Finland,,,453.893,
2020-03-21,2020-03-23,FI,Finland,,,470.686,
2020-03-21,2020-03-24,FI,Finland,,,483.897,
2020-03-21,2020-03-11,FR,France,,,1808.64,1784
2020-03-21,2020-03-12,FR,France,,,2307.119,2281
2020-03-21,2020-03-13,FR,France,,,2906.606,2876
2020-03-21,2020-03-14,FR,France,,,3618.902,3661
2020-03-21,2020-03-15,FR,France,,,4455.573,4499
2020-03-21,2020-03-16,FR,France,,,5427.69,5423
2020-03-21,2020-03-17,FR,France,,,6545.564,6633
2020-03-21,2020-03-18,FR,France,,,7818.501,7730
2020-03-21,2020-03-19,FR,France,,,9254.575,9134
2020-03-21,2020-03-20,FR,France,,,10860.446,10995
2020-03-21,2020-03-21,FR,France,,,12641.196,12612
2020-03-21,2020-03-22,FR,France,,,14600.221,
2020-03-21,2020-03-23,FR,France,,,16739.157,
2020-03-21,2020-03-24,FR,France,,,19057.855,
2020-03-21,2020-03-11,GB,United Kingdom,,,387.416,373
2020-03-21,2020-03-12,GB,United Kingdom,,,495.478,456
2020-03-21,2020-03-13,GB,United Kingdom,,,631.933,590
2020-03-21,2020-03-14,GB,United Kingdom,,,803.766,707
2020-03-21,2020-03-15,GB,United Kingdom,,,1019.562,1140
2020-03-21,2020-03-16,GB,United Kingdom,,,1289.841,1391
2020-03-21,2020-03-17,GB,United Kingdom,,,1627.462,1543
2020-03-21,2020-03-18,GB,United Kingdom,,,2048.095,1950
2020-03-21,2020-03-19,GB,United Kingdom,,,2570.79,2630
2020-03-21,2020-03-20,GB,United Kingdom,,,3218.648,3277
2020-03-21,2020-03-21,GB,United Kingdom,,,4019.599,3983
2020-03-21,2020-03-22,GB,United Kingdom,,,5007.338,
2020-03-21,2020-03-23,GB,United Kingdom,,,6222.405,
2020-03-21,2020-03-24,GB,United Kingdom,,,7713.451,
2020-03-21,2020-03-11,GE,Georgia,,,19.892,23
2020-03-21,2020-03-12,GE,Georgia,,,22.513,24
2020-03-21,2020-03-13,GE,Georgia,,,25.055,25
2020-03-21,2020-03-14,GE,Georgia,,,27.484,30
2020-03-21,2020-03-15,GE,Georgia,,,29.772,30
2020-03-21,2020-03-16,GE,Georgia,,,31.903,30
2020-03-21,2020-03-17,GE,Georgia,,,33.868,33
2020-03-21,2020-03-18,GE,Georgia,,,35.664,34
2020-03-21,2020-03-19,GE,Georgia,,,37.293,34
2020-03-21,2020-03-20,GE,Georgia,,,38.761,40
2020-03-21,2020-03-21,GE,Georgia,,,40.077,43
2020-03-21,2020-03-22,GE,Georgia,,,41.25,
2020-03-21,2020-03-23,GE,Georgia,,,42.292,
2020-03-21,2020-03-24,GE,Georgia,,,43.215,
2020-03-21,2020-03-11,GR,Greece,,,103.201,90
2020-03-21,2020-03-12,GR,Greece,,,132.741,99
2020-03-21,2020-03-13,GR,Greece,,,166.235,133
2020-03-21,2020-03-14,GR,Greece,,,203.268,190
2020-03-21,2020-03-15,GR,Greece,,,243.299,228
2020-03-21,2020-03-16,GR,Greece,,,285.71,331
2020-03-21,2020-03-17,GR,Greece,,,329.839,352
2020-03-21,2020-03-18,GR,Greece,,,375.022,387
2020-03-21,2020-03-19,GR,Greece,,,420.622,418
2020-03-21,2020-03-20,GR,Greece,,,466.056,464
2020-03-21,2020-03-21,GR,Greece,,,510.805,495
2020-03-21,2020-03-22,GR,Greece,,,554.428,
2020-03-21,2020-03-23,GR,Greece,,,596.564,
2020-03-21,2020-03-24,GR,Greece,,,636.931,
2020-03-21,2020-03-11,HR,Croatia,,,15.157,13
2020-03-21,2020-03-12,HR,Croatia,,,19.015,16
2020-03-21,2020-03-13,HR,Croatia,,,23.77,25
2020-03-21,2020-03-14,HR,Croatia,,,29.609,31
2020-03-21,2020-03-15,HR,Croatia,,,36.755,37
2020-03-21,2020-03-16,HR,Croatia,,,45.471,48
2020-03-21,2020-03-17,HR,Croatia,,,56.066,56
2020-03-21,2020-03-18,HR,Croatia,,,68.902,69
2020-03-21,2020-03-19,HR,Croatia,,,84.402,81
2020-03-21,2020-03-20,HR,Croatia,,,103.06,104
2020-03-21,2020-03-21,HR,Croatia,,,125.448,126
2020-03-21,2020-03-22,HR,Croatia,,,152.226,
2020-03-21,2020-03-23,HR,Croatia,,,184.159,
2020-03-21,2020-03-24,HR,Croatia,,,222.125,
2020-03-21,2020-03-11,HU,Hungary,,,9.135,12
2020-03-21,2020-03-12,HU,Hungary,,,13.13,13
2020-03-21,2020-03-13,HU,Hungary,,,18.144,16
2020-03-21,2020-03-14,HU,Hungary,,,24.209,25
2020-03-21,2020-03-15,HU,Hungary,,,31.306,31
2020-03-21,2020-03-16,HU,Hungary,,,39.372,39
2020-03-21,2020-03-17,HU,Hungary,,,48.3,50
2020-03-21,2020-03-18,HU,Hungary,,,57.954,50
2020-03-21,2020-03-19,HU,Hungary,,,68.178,73
2020-03-21,2020-03-20,HU,Hungary,,,78.805,85
2020-03-21,2020-03-21,HU,Hungary,,,89.668,85
2020-03-21,2020-03-22,HU,Hungary,,,100.611,
2020-03-21,2020-03-23,HU,Hungary,,,111.489,
2020-03-21,2020-03-24,HU,Hungary,,,122.175,
2020-03-21,2020-03-11,IE,Ireland,,,36.017,35
2020-03-21,2020-03-12,IE,Ireland,,,49.175,43
2020-03-21,2020-03-13,IE,Ireland,,,66.898,70
2020-03-21,2020-03-14,IE,Ireland,,,90.686,91
2020-03-21,2020-03-15,IE,Ireland,,,122.503,129
2020-03-21,2020-03-16,IE,Ireland,,,164.911,169
2020-03-21,2020-03-17,IE,Ireland,,,221.24,223
2020-03-21,2020-03-18,IE,Ireland,,,295.806,292
2020-03-21,2020-03-19,IE,Ireland,,,394.182,366
2020-03-21,2020-03-20,IE,Ireland,,,523.539,557
2020-03-21,2020-03-21,IE,Ireland,,,693.076,683
2020-03-21,2020-03-22,IE,Ireland,,,914.554,
2020-03-21,2020-03-23,IE,Ireland,,,1202.955,
2020-03-21,2020-03-24,IE,Ireland,,,1577.312,
2020-03-21,2020-03-11,IL,Israel,,,52.899,70
2020-03-21,2020-03-12,IL,Israel,,,73.526,82
2020-03-21,2020-03-13,IL,Israel,,,100.529,96
2020-03-21,2020-03-14,IL,Israel,,,135.32,116
2020-03-21,2020-03-15,IL,Israel,,,179.466,178
2020-03-21,2020-03-16,IL,Israel,,,234.682,250
2020-03-21,2020-03-17,IL,Israel,,,302.802,260
2020-03-21,2020-03-18,IL,Israel,,,385.755,427
2020-03-21,2020-03-19,IL,Israel,,,485.526,433
2020-03-21,2020-03-20,IL,Israel,,,604.121,677
2020-03-21,2020-03-21,IL,Israel,,,743.525,712
2020-03-21,2020-03-22,IL,Israel,,,905.658,
2020-03-21,2020-03-23,IL,Israel,,,1092.331,
2020-03-21,2020-03-24,IL,Israel,,,1305.207,
2020-03-21,2020-03-11,IN,India,,,50.968,50
2020-03-21,2020-03-12,IN,India,,,59.105,73
2020-03-21,2020-03-13,IN,India,,,68.537,75
2020-03-21,2020-03-14,IN,India,,,79.469,83
2020-03-21,2020-03-15,IN,India,,,92.14,90
2020-03-21,2020-03-16,IN,India,,,106.824,93
2020-03-21,2020-03-17,IN,India,,,123.842,125
2020-03-21,2020-03-18,IN,India,,,143.562,137
2020-03-21,2020-03-19,IN,India,,,166.413,165
2020-03-21,2020-03-20,IN,India,,,192.889,191
2020-03-21,2020-03-21,IN,India,,,223.564,231
2020-03-21,2020-03-22,IN,India,,,259.102,
2020-03-21,2020-03-23,IN,India,,,300.271,
2020-03-21,2020-03-24,IN,India,,,347.961,
2020-03-21,2020-03-11,IQ,Iraq,,,60.047,61
2020-03-21,2020-03-12,IQ,Iraq,,,69.01,70
2020-03-21,2020-03-13,IQ,Iraq,,,78.911,74
2020-03-21,2020-03-14,IQ,Iraq,,,89.796,85
2020-03-21,2020-03-15,IQ,Iraq,,,101.705,85
2020-03-21,2020-03-16,IQ,Iraq,,,114.674,124
2020-03-21,2020-03-17,IQ,Iraq,,,128.736,124
2020-03-21,2020-03-18,IQ,Iraq,,,143.918,154
2020-03-21,2020-03-19,IQ,Iraq,,,160.241,164
2020-03-21,2020-03-20,IQ,Iraq,,,177.722,177
2020-03-21,2020-03-21,IQ,Iraq,,,196.372,193
2020-03-21,2020-03-22,IQ,Iraq,,,216.196,
2020-03-21,2020-03-23,IQ,Iraq,,,237.193,
2020-03-21,2020-03-24,IQ,Iraq,,,259.357,
2020-03-21,2020-03-11,IR,Iran,,,8185.552,8042
2020-03-21,2020-03-12,IR,Iran,,,9286.854,9000
2020-03-21,2020-03-13,IR,Iran,,,10420.763,10075
2020-03-21,2020-03-14,IR,Iran,,,11576.015,11364
2020-03-21,2020-03-15,IR,Iran,,,12741.755,12729
2020-03-21,2020-03-16,IR,Iran,,,13907.806,13938
2020-03-21,2020-03-17,IR,Iran,,,15064.867,14991
2020-03-21,2020-03-18,IR,Iran,,,16204.647,16169
2020-03-21,2020-03-19,IR,Iran,,,17319.94,17361
2020-03-21,2020-03-20,IR,Iran,,,18404.649,18407
2020-03-21,2020-03-21,IR,Iran,,,19453.768,19644
2020-03-21,2020-03-22,IR,Iran,,,20463.331,
2020-03-21,2020-03-23,IR,Iran,,,21430.343,
2020-03-21,2020-03-24,IR,Iran,,,22352.694,
2020-03-21,2020-03-11,IS,Iceland,,,73.692,70
2020-03-21,2020-03-12,IS,Iceland,,,87.147,85
2020-03-21,2020-03-13,IS,Iceland,,,103.051,117
2020-03-21,2020-03-14,IS,Iceland,,,121.848,117
2020-03-21,2020-03-15,IS,Iceland,,,144.064,138
2020-03-21,2020-03-16,IS,Iceland,,,170.316,178
2020-03-21,2020-03-17,IS,Iceland,,,201.337,199
2020-03-21,2020-03-18,IS,Iceland,,,237.991,247
2020-03-21,2020-03-19,IS,Iceland,,,281.295,250
2020-03-21,2020-03-20,IS,Iceland,,,332.454,330
2020-03-21,2020-03-21,IS,Iceland,,,392.887,409
2020-03-21,2020-03-22,IS,Iceland,,,464.27,
2020-03-21,2020-03-23,IS,Iceland,,,548.581,
2020-03-21,2020-03-24,IS,Iceland,,,648.154,
2020-03-22,2020-03-12,IT,Italy,,,12676.616,12462
2020-03-22,2020-03-13,IT,Italy,,,15010.45,15113
2020-03-22,2020-03-14,IT,Italy,,,17661.454,17660
2020-03-22,2020-03-15,IT,Italy,,,20654.05,21157
2020-03-22,2020-03-16,IT,Italy,,,24012.075,24938
2020-03-22,2020-03-17,IT,Italy,,,27758.493,27980
2020-03-22,2020-03-18,IT,Italy,,,31915.094,31506
2020-03-22,2020-03-19,IT,Italy,,,36502.225,35713
2020-03-22,2020-03-20,IT,Italy,,,41538.526,41035
2020-03-22,2020-03-21,IT,Italy,,,47040.692,47021
2020-03-22,2020-03-22,IT,Italy,,,53023.261,53578
2020-03-22,2020-03-23,IT,Italy,,,59498.438,
2020-03-22,2020-03-24,IT,Italy,,,66475.941,
2020-03-22,2020-03-25,IT,Italy,,,73962.889,
2020-03-21,2020-03-11,JP,Japan,,,560.318,568
2020-03-21,2020-03-12,JP,Japan,,,600.122,619
2020-03-21,2020-03-13,JP,Japan,,,641.325,675
2020-03-21,2020-03-14,JP,Japan,,,683.883,737
2020-03-21,2020-03-15,JP,Japan,,,727.749,780
2020-03-21,2020-03-16,JP,Japan,,,772.868,814
2020-03-21,2020-03-17,JP,Japan,,,819.187,824
2020-03-21,2020-03-18,JP,Japan,,,866.644,829
2020-03-21,2020-03-19,JP,Japan,,,915.179,873
2020-03-21,2020-03-20,JP,Japan,,,964.727,950
2020-03-21,2020-03-21,JP,Japan,,,1015.22,1007
2020-03-21,2020-03-22,JP,Japan,,,1066.591,
2020-03-21,2020-03-23,JP,Japan,,,1118.769,
2020-03-21,2020-03-24,JP,Japan,,,1171.685,
2020-03-21,2020-03-11,KR,South Korea,,,7718.464,7755
2020-03-21,2020-03-12,KR,South Korea,,,7896.029,7869
2020-03-21,2020-03-13,KR,South Korea,,,8045.254,7979
2020-03-21,2020-03-14,KR,South Korea,,,8170.204,8086
2020-03-21,2020-03-15,KR,South Korea,,,8274.512,8162
2020-03-21,2020-03-16,KR,South Korea,,,8361.373,8236
2020-03-21,2020-03-17,KR,South Korea,,,8433.556,8320
2020-03-21,2020-03-18,KR,South Korea,,,8493.442,8413
2020-03-21,2020-03-19,KR,South Korea,,,8543.057,8565
2020-03-21,2020-03-20,KR,South Korea,,,8584.115,8652
2020-03-21,2020-03-21,KR,South Korea,,,8618.06,8799
2020-03-21,2020-03-22,KR,South Korea,,,8646.103,
2020-03-21,2020-03-23,KR,South Korea,,,8669.256,
2020-03-21,2020-03-24,KR,South Korea,,,8688.36,
2020-03-21,2020-03-11,KW,Kuwait,,,74.781,69
2020-03-21,2020-03-12,KW,Kuwait,,,81.112,72
2020-03-21,2020-03-13,KW,Kuwait,,,87.88,80
2020-03-21,2020-03-14,KW,Kuwait,,,95.107,100
2020-03-21,2020-03-15,KW,Kuwait,,,102.815,104
2020-03-21,2020-03-16,KW,Kuwait,,,111.028,112
2020-03-21,2020-03-17,KW,Kuwait,,,119.77,123
2020-03-21,2020-03-18,KW,Kuwait,,,129.064,130
2020-03-21,2020-03-19,KW,Kuwait,,,138.935,142
2020-03-21,2020-03-20,KW,Kuwait,,,149.409,148
2020-03-21,2020-03-21,KW,Kuwait,,,160.511,159
2020-03-21,2020-03-22,KW,Kuwait,,,172.266,
2020-03-21,2020-03-23,KW,Kuwait,,,184.702,
2020-03-21,2020-03-24,KW,Kuwait,,,197.844,
2020-03-21,2020-03-10,LB,Lebanon,,,38.943,41
2020-03-21,2020-03-11,LB,Lebanon,,,49.246,41
2020-03-21,2020-03-12,LB,Lebanon,,,60.57,61
2020-03-21,2020-03-13,LB,Lebanon,,,72.698,66
2020-03-21,2020-03-15,LB,Lebanon,,,85.391,93
2020-03-21,2020-03-16,LB,Lebanon,,,98.41,99
2020-03-21,2020-03-17,LB,Lebanon,,,111.527,120
2020-03-21,2020-03-18,LB,Lebanon,,,124.536,120
2020-03-21,2020-03-19,LB,Lebanon,,,137.26,133
2020-03-21,2020-03-20,LB,Lebanon,,,149.555,149
2020-03-21,2020-03-21,LB,Lebanon,,,161.306,163
2020-03-21,2020-03-22,LB,Lebanon,,,172.431,
2020-03-21,2020-03-23,LB,Lebanon,,,182.876,
2020-03-21,2020-03-24,LB,Lebanon,,,192.609,
2020-03-21,2020-03-11,MY,Malaysia,,,133.299,129
2020-03-21,2020-03-12,MY,Malaysia,,,168.998,149
2020-03-21,2020-03-13,MY,Malaysia,,,212.81,158
2020-03-21,2020-03-14,MY,Malaysia,,,266.219,197
2020-03-21,2020-03-15,MY,Malaysia,,,330.906,238
2020-03-21,2020-03-16,MY,Malaysia,,,408.761,428
2020-03-21,2020-03-17,MY,Malaysia,,,501.892,553
2020-03-21,2020-03-18,MY,Malaysia,,,612.634,673
2020-03-21,2020-03-19,MY,Malaysia,,,743.561,790
2020-03-21,2020-03-20,MY,Malaysia,,,897.483,900
2020-03-21,2020-03-21,MY,Malaysia,,,1077.456,1030
2020-03-21,2020-03-22,MY,Malaysia,,,1286.776,
2020-03-21,2020-03-23,MY,Malaysia,,,1528.979,
2020-03-21,2020-03-24,MY,Malaysia,,,1807.834,
2020-03-21,2020-03-11,NL,Netherlands,,,385.883,382
2020-03-21,2020-03-12,NL,Netherlands,,,487.655,503
2020-03-21,2020-03-13,NL,Netherlands,,,611.784,614
2020-03-21,2020-03-14,NL,Netherlands,,,762.096,804
2020-03-21,2020-03-15,NL,Netherlands,,,942.855,959
2020-03-21,2020-03-16,NL,Netherlands,,,1158.765,1135
2020-03-21,2020-03-17,NL,Netherlands,,,1414.984,1413
2020-03-21,2020-03-18,NL,Netherlands,,,1717.121,1705
2020-03-21,2020-03-19,NL,Netherlands,,,2071.226,2051
2020-03-21,2020-03-20,NL,Netherlands,,,2483.782,2460
2020-03-21,2020-03-21,NL,Netherlands,,,2961.678,2994
2020-03-21,2020-03-22,NL,Netherlands,,,3512.187,
2020-03-21,2020-03-23,NL,Netherlands,,,4142.925,
2020-03-21,2020-03-24,NL,Netherlands,,,4861.814,
2020-03-21,2020-03-11,NO,Norway,,,347.435,277
2020-03-21,2020-03-12,NO,Norway,,,457.982,489
2020-03-21,2020-03-13,NO,Norway,,,582.452,621
2020-03-21,2020-03-14,NO,Norway,,,718.007,621
2020-03-21,2020-03-15,NO,Norway,,,861.412,907
2020-03-21,2020-03-16,NO,Norway,,,1009.333,1077
2020-03-21,2020-03-17,NO,Norway,,,1158.593,1169
2020-03-21,2020-03-18,NO,Norway,,,1306.346,1308
2020-03-21,2020-03-19,NO,Norway,,,1450.187,1423
2020-03-21,2020-03-20,NO,Norway,,,1588.199,1552
2020-03-21,2020-03-21,NO,Norway,,,1718.956,1742
2020-03-21,2020-03-22,NO,Norway,,,1841.484,
2020-03-21,2020-03-23,NO,Norway,,,1955.204,
2020-03-21,2020-03-24,NO,Norway,,,2059.874,
2020-03-21,2020-03-06,OM,Oman,,,13.493,16
2020-03-21,2020-03-10,OM,Oman,,,15.204,18
2020-03-21,2020-03-11,OM,Oman,,,17.132,18
2020-03-21,2020-03-14,OM,Oman,,,19.303,20
2020-03-21,2020-03-15,OM,Oman,,,21.748,20
2020-03-21,2020-03-16,OM,Oman,,,24.502,22
2020-03-21,2020-03-17,OM,Oman,,,27.604,24
2020-03-21,2020-03-18,OM,Oman,,,31.097,24
2020-03-21,2020-03-19,OM,Oman,,,35.031,39
2020-03-21,2020-03-20,OM,Oman,,,39.461,39
2020-03-21,2020-03-21,OM,Oman,,,44.45,48
2020-03-21,2020-03-22,OM,Oman,,,50.068,
2020-03-21,2020-03-23,OM,Oman,,,56.393,
2020-03-21,2020-03-24,OM,Oman,,,63.514,
2020-03-21,2020-03-11,PE,Peru,,,10.59,11
2020-03-21,2020-03-12,PE,Peru,,,15.782,17
2020-03-21,2020-03-13,PE,Peru,,,23.084,22
2020-03-21,2020-03-14,PE,Peru,,,33.168,38
2020-03-21,2020-03-15,PE,Peru,,,46.854,43
2020-03-21,2020-03-16,PE,Peru,,,65.125,71
2020-03-21,2020-03-17,PE,Peru,,,89.135,86
2020-03-21,2020-03-18,PE,Peru,,,120.214,117
2020-03-21,2020-03-19,PE,Peru,,,159.873,145
2020-03-21,2020-03-20,PE,Peru,,,209.792,234
2020-03-21,2020-03-21,PE,Peru,,,271.814,263
2020-03-21,2020-03-22,PE,Peru,,,347.923,
2020-03-21,2020-03-23,PE,Peru,,,440.218,
2020-03-21,2020-03-24,PE,Peru,,,550.888,
2020-03-21,2020-03-11,PH,Philippines,,,30.006,33
2020-03-21,2020-03-12,PH,Philippines,,,44.686,49
2020-03-21,2020-03-13,PH,Philippines,,,62.539,52
2020-03-21,2020-03-14,PH,Philippines,,,83.054,64
2020-03-21,2020-03-15,PH,Philippines,,,105.523,111
2020-03-21,2020-03-16,PH,Philippines,,,129.156,140
2020-03-21,2020-03-17,PH,Philippines,,,153.176,142
2020-03-21,2020-03-18,PH,Philippines,,,176.894,187
2020-03-21,2020-03-19,PH,Philippines,,,199.748,202
2020-03-21,2020-03-20,PH,Philippines,,,221.319,230
2020-03-21,2020-03-21,PH,Philippines,,,241.328,230
2020-03-21,2020-03-22,PH,Philippines,,,259.618,
2020-03-21,2020-03-23,PH,Philippines,,,276.129,
2020-03-21,2020-03-24,PH,Philippines,,,290.878,
2020-03-21,2020-03-11,PK,Pakistan,,,0.001,16
2020-03-21,2020-03-12,PK,Pakistan,,,0.056,20
2020-03-21,2020-03-13,PK,Pakistan,,,0.834,21
2020-03-21,2020-03-14,PK,Pakistan,,,5.83,21
2020-03-21,2020-03-15,PK,Pakistan,,,23.615,30
2020-03-21,2020-03-16,PK,Pakistan,,,64.576,31
2020-03-21,2020-03-17,PK,Pakistan,,,133.122,187
2020-03-21,2020-03-18,PK,Pakistan,,,223.97,187
2020-03-21,2020-03-19,PK,Pakistan,,,325.591,302
2020-03-21,2020-03-20,PK,Pakistan,,,426.108,478
2020-03-21,2020-03-21,PK,Pakistan,,,517.07,495
2020-03-21,2020-03-22,PK,Pakistan,,,594.262,
2020-03-21,2020-03-23,PK,Pakistan,,,656.803,
2020-03-21,2020-03-24,PK,Pakistan,,,705.808,
2020-03-21,2020-03-11,PL,Poland,,,20.536,22
2020-03-21,2020-03-12,PL,Poland,,,32.354,31
2020-03-21,2020-03-13,PL,Poland,,,48.843,49
2020-03-21,2020-03-14,PL,Poland,,,70.935,68
2020-03-21,2020-03-15,PL,Poland,,,99.469,104
2020-03-21,2020-03-16,PL,Poland,,,135.119,125
2020-03-21,2020-03-17,PL,Poland,,,178.338,177
2020-03-21,2020-03-18,PL,Poland,,,229.32,238
2020-03-21,2020-03-19,PL,Poland,,,287.99,287
2020-03-21,2020-03-20,PL,Poland,,,354.01,355
2020-03-21,2020-03-21,PL,Poland,,,426.805,425
2020-03-21,2020-03-22,PL,Poland,,,505.604,
2020-03-21,2020-03-23,PL,Poland,,,589.49,
2020-03-21,2020-03-24,PL,Poland,,,677.449,
2020-03-21,2020-03-10,PS,Palestine,,,23.035,20
2020-03-21,2020-03-11,PS,Palestine,,,26.725,29
2020-03-21,2020-03-12,PS,Palestine,,,30.19,30
2020-03-21,2020-03-14,PS,Palestine,,,33.366,35
2020-03-21,2020-03-15,PS,Palestine,,,36.22,38
2020-03-21,2020-03-16,PS,Palestine,,,38.744,38
2020-03-21,2020-03-17,PS,Palestine,,,40.945,39
2020-03-21,2020-03-18,PS,Palestine,,,42.845,41
2020-03-21,2020-03-19,PS,Palestine,,,44.469,44
2020-03-21,2020-03-20,PS,Palestine,,,45.847,47
2020-03-21,2020-03-21,PS,Palestine,,,47.01,48
2020-03-21,2020-03-22,PS,Palestine,,,47.987,
2020-03-21,2020-03-23,PS,Palestine,,,48.803,
2020-03-21,2020-03-24,PS,Palestine,,,49.483,
2020-03-21,2020-03-11,PT,Portugal,,,36.913,41
2020-03-21,2020-03-12,PT,Portugal,,,56.412,59
2020-03-21,2020-03-13,PT,Portugal,,,84.201,78
2020-03-21,2020-03-14,PT,Portugal,,,122.911,112
2020-03-21,2020-03-15,PT,Portugal,,,175.682,169
2020-03-21,2020-03-16,PT,Portugal,,,246.172,245
2020-03-21,2020-03-17,PT,Portugal,,,338.533,331
2020-03-21,2020-03-18,PT,Portugal,,,457.372,448
2020-03-21,2020-03-19,PT,Portugal,,,607.674,642
2020-03-21,2020-03-20,PT,Portugal,,,794.71,785
2020-03-21,2020-03-21,PT,Portugal,,,1023.92,1020
2020-03-21,2020-03-22,PT,Portugal,,,1300.777,
2020-03-21,2020-03-23,PT,Portugal,,,1630.644,
2020-03-21,2020-03-24,PT,Portugal,,,2018.631,
2020-03-21,2020-03-10,QA,Qatar,,,8.804,18
2020-03-21,2020-03-11,QA,Qatar,,,76.576,24
2020-03-21,2020-03-12,QA,Qatar,,,202.875,262
2020-03-21,2020-03-14,QA,Qatar,,,314.647,320
2020-03-21,2020-03-15,QA,Qatar,,,383.42,337
2020-03-21,2020-03-16,QA,Qatar,,,419.126,401
2020-03-21,2020-03-17,QA,Qatar,,,436.278,439
2020-03-21,2020-03-18,QA,Qatar,,,444.231,442
2020-03-21,2020-03-19,QA,Qatar,,,447.861,452
2020-03-21,2020-03-20,QA,Qatar,,,449.506,460
2020-03-21,2020-03-21,QA,Qatar,,,450.249,470
2020-03-21,2020-03-22,QA,Qatar,,,450.584,
2020-03-21,2020-03-23,QA,Qatar,,,450.735,
2020-03-21,2020-03-24,QA,Qatar,,,450.803,
2020-03-21,2020-03-11,RO,Romania,,,27.942,25
2020-03-21,2020-03-12,RO,Romania,,,43.718,45
2020-03-21,2020-03-13,RO,Romania,,,64.012,64
2020-03-21,2020-03-14,RO,Romania,,,88.58,89
2020-03-21,2020-03-15,RO,Romania,,,116.818,113
2020-03-21,2020-03-16,RO,Romania,,,147.871,139
2020-03-21,2020-03-17,RO,Romania,,,180.756,184
2020-03-21,2020-03-18,RO,Romania,,,214.478,217
2020-03-21,2020-03-19,RO,Romania,,,248.123,260
2020-03-21,2020-03-20,RO,Romania,,,280.916,277
2020-03-21,2020-03-21,RO,Romania,,,312.248,308
2020-03-21,2020-03-22,RO,Romania,,,341.681,
2020-03-21,2020-03-23,RO,Romania,,,368.932,
2020-03-21,2020-03-24,RO,Romania,,,393.855,
2020-03-21,2020-03-11,SA,Saudi Arabia,,,33.034,20
2020-03-21,2020-03-12,SA,Saudi Arabia,,,42.316,45
2020-03-21,2020-03-13,SA,Saudi Arabia,,,53.71,62
2020-03-21,2020-03-14,SA,Saudi Arabia,,,67.57,86
2020-03-21,2020-03-15,SA,Saudi Arabia,,,84.286,86
2020-03-21,2020-03-16,SA,Saudi Arabia,,,104.276,118
2020-03-21,2020-03-17,SA,Saudi Arabia,,,127.991,133
2020-03-21,2020-03-18,SA,Saudi Arabia,,,155.908,133
2020-03-21,2020-03-19,SA,Saudi Arabia,,,188.528,171
2020-03-21,2020-03-20,SA,Saudi Arabia,,,226.369,238
2020-03-21,2020-03-21,SA,Saudi Arabia,,,269.964,274
2020-03-21,2020-03-22,SA,Saudi Arabia,,,319.855,
2020-03-21,2020-03-23,SA,Saudi Arabia,,,376.586,
2020-03-21,2020-03-24,SA,Saudi Arabia,,,440.698,
2020-03-21,2020-03-11,SE,Sweden,,,384.949,326
2020-03-21,2020-03-12,SE,Sweden,,,493.041,462
2020-03-21,2020-03-13,SE,Sweden,,,610.576,620
2020-03-21,2020-03-14,SE,Sweden,,,734.45,775
2020-03-21,2020-03-15,SE,Sweden,,,861.529,924
2020-03-21,2020-03-16,SE,Sweden,,,988.891,1032
2020-03-21,2020-03-17,SE,Sweden,,,1113.986,1121
2020-03-21,2020-03-18,SE,Sweden,,,1234.732,1167
2020-03-21,2020-03-19,SE,Sweden,,,1349.538,1301
2020-03-21,2020-03-20,SE,Sweden,,,1457.283,1423
2020-03-21,2020-03-21,SE,Sweden,,,1557.27,1623
2020-03-21,2020-03-22,SE,Sweden,,,1649.16,
2020-03-21,2020-03-23,SE,Sweden,,,1732.903,
2020-03-21,2020-03-24,SE,Sweden,,,1808.668,
2020-03-21,2020-03-11,SG,Singapore,,,185.53,166
2020-03-21,2020-03-12,SG,Singapore,,,196.293,178
2020-03-21,2020-03-13,SG,Singapore,,,207.679,187
2020-03-21,2020-03-14,SG,Singapore,,,219.723,200
2020-03-21,2020-03-15,SG,Singapore,,,232.464,214
2020-03-21,2020-03-16,SG,Singapore,,,245.941,226
2020-03-21,2020-03-17,SG,Singapore,,,260.198,243
2020-03-21,2020-03-18,SG,Singapore,,,275.279,266
2020-03-21,2020-03-19,SG,Singapore,,,291.231,313
2020-03-21,2020-03-20,SG,Singapore,,,308.105,345
2020-03-21,2020-03-21,SG,Singapore,,,325.954,385
2020-03-21,2020-03-22,SG,Singapore,,,344.833,
2020-03-21,2020-03-23,SG,Singapore,,,364.804,
2020-03-21,2020-03-24,SG,Singapore,,,385.927,
2020-03-21,2020-03-11,SI,Slovenia,,,33.265,31
2020-03-21,2020-03-12,SI,Slovenia,,,61.703,57
2020-03-21,2020-03-13,SI,Slovenia,,,97.837,96
2020-03-21,2020-03-14,SI,Slovenia,,,137.998,141
2020-03-21,2020-03-15,SI,Slovenia,,,178.368,181
2020-03-21,2020-03-16,SI,Slovenia,,,216.006,219
2020-03-21,2020-03-17,SI,Slovenia,,,249.175,253
2020-03-21,2020-03-18,SI,Slovenia,,,277.198,275
2020-03-21,2020-03-19,SI,Slovenia,,,300.141,286
2020-03-21,2020-03-20,SI,Slovenia,,,318.487,319
2020-03-21,2020-03-21,SI,Slovenia,,,332.902,341
2020-03-21,2020-03-22,SI,Slovenia,,,344.08,
2020-03-21,2020-03-23,SI,Slovenia,,,352.664,
2020-03-21,2020-03-24,SI,Slovenia,,,359.208,
2020-03-21,2020-03-11,SM,San Marino,,,52.848,62
2020-03-21,2020-03-12,SM,San Marino,,,60.642,66
2020-03-21,2020-03-13,SM,San Marino,,,68.784,67
2020-03-21,2020-03-14,SM,San Marino,,,77.199,73
2020-03-21,2020-03-15,SM,San Marino,,,85.805,92
2020-03-21,2020-03-16,SM,San Marino,,,94.528,98
2020-03-21,2020-03-17,SM,San Marino,,,103.293,102
2020-03-21,2020-03-18,SM,San Marino,,,112.032,104
2020-03-21,2020-03-19,SM,San Marino,,,120.684,109
2020-03-21,2020-03-20,SM,San Marino,,,129.194,126
2020-03-21,2020-03-21,SM,San Marino,,,137.514,151
2020-03-21,2020-03-22,SM,San Marino,,,145.603,
2020-03-21,2020-03-23,SM,San Marino,,,153.429,
2020-03-21,2020-03-24,SM,San Marino,,,160.965,
2020-03-21,2020-03-07,TH,Thailand,,,62.595,50
2020-03-21,2020-03-11,TH,Thailand,,,72.974,59
2020-03-21,2020-03-12,TH,Thailand,,,85.069,70
2020-03-21,2020-03-14,TH,Thailand,,,99.162,82
2020-03-21,2020-03-15,TH,Thailand,,,115.582,82
2020-03-21,2020-03-16,TH,Thailand,,,134.712,114
2020-03-21,2020-03-17,TH,Thailand,,,156.999,177
2020-03-21,2020-03-18,TH,Thailand,,,182.962,177
2020-03-21,2020-03-19,TH,Thailand,,,213.204,177
2020-03-21,2020-03-20,TH,Thailand,,,248.429,212
2020-03-21,2020-03-21,TH,Thailand,,,289.456,366
2020-03-21,2020-03-22,TH,Thailand,,,337.236,
2020-03-21,2020-03-23,TH,Thailand,,,392.878,
2020-03-21,2020-03-24,TH,Thailand,,,457.673,
2020-03-21,2020-03-11,TW,Taiwan,,,56.904,48
2020-03-21,2020-03-12,TW,Taiwan,,,60.267,48
2020-03-21,2020-03-13,TW,Taiwan,,,63.828,49
2020-03-21,2020-03-14,TW,Taiwan,,,67.598,53
2020-03-21,2020-03-15,TW,Taiwan,,,71.591,59
2020-03-21,2020-03-16,TW,Taiwan,,,75.819,59
2020-03-21,2020-03-17,TW,Taiwan,,,80.296,67
2020-03-21,2020-03-18,TW,Taiwan,,,85.036,77
2020-03-21,2020-03-19,TW,Taiwan,,,90.055,108
2020-03-21,2020-03-20,TW,Taiwan,,,95.37,108
2020-03-21,2020-03-21,TW,Taiwan,,,100.997,135
2020-03-21,2020-03-22,TW,Taiwan,,,106.956,
2020-03-21,2020-03-23,TW,Taiwan,,,113.265,
2020-03-21,2020-03-24,TW,Taiwan,,,119.946,
2020-03-21,2020-03-11,US,United States of America,CA,California,130.136,157
2020-03-21,2020-03-12,US,United States of America,CA,California,163.989,202
2020-03-21,2020-03-13,US,United States of America,CA,California,206.619,202
2020-03-21,2020-03-14,US,United States of America,CA,California,260.292,252
2020-03-21,2020-03-15,US,United States of America,CA,California,327.861,293
2020-03-21,2020-03-16,US,United States of America,CA,California,412.911,335
2020-03-21,2020-03-17,US,United States of America,CA,California,519.948,483
2020-03-21,2020-03-18,US,United States of America,CA,California,654.638,611
2020-03-21,2020-03-19,US,United States of America,CA,California,824.1,924
2020-03-21,2020-03-20,US,United States of America,CA,California,1037.281,1063
2020-03-21,2020-03-21,US,United States of America,CA,California,1305.42,1279
2020-03-21,2020-03-22,US,United States of America,CA,California,1642.638,
2020-03-21,2020-03-23,US,United States of America,CA,California,2066.67,
2020-03-21,2020-03-24,US,United States of America,CA,California,2599.789,
2020-03-21,2020-03-11,US,United States of America,CO,Colorado,41.728,28
2020-03-21,2020-03-12,US,United States of America,CO,Colorado,52.699,45
2020-03-21,2020-03-13,US,United States of America,CO,Colorado,66.219,72
2020-03-21,2020-03-14,US,United States of America,CO,Colorado,82.796,101
2020-03-21,2020-03-15,US,United States of America,CO,Colorado,103.023,131
2020-03-21,2020-03-16,US,United States of America,CO,Colorado,127.585,131
2020-03-21,2020-03-17,US,United States of America,CO,Colorado,157.273,160
2020-03-21,2020-03-18,US,United States of America,CO,Colorado,192.992,183
2020-03-21,2020-03-19,US,United States of America,CO,Colorado,235.775,216
2020-03-21,2020-03-20,US,United States of America,CO,Colorado,286.794,277
2020-03-21,2020-03-21,US,United States of America,CO,Colorado,347.375,363
2020-03-21,2020-03-22,US,United States of America,CO,Colorado,419.01,
2020-03-21,2020-03-23,US,United States of America,CO,Colorado,503.366,
2020-03-21,2020-03-24,US,United States of America,CO,Colorado,602.306,
2020-03-21,2020-03-11,US,United States of America,FL,Florida,22.808,28
2020-03-21,2020-03-12,US,United States of America,FL,Florida,34.852,32
2020-03-21,2020-03-13,US,United States of America,FL,Florida,52.094,50
2020-03-21,2020-03-14,US,United States of America,FL,Florida,76.254,77
2020-03-21,2020-03-15,US,United States of America,FL,Florida,109.429,116
2020-03-21,2020-03-16,US,United States of America,FL,Florida,154.112,141
2020-03-21,2020-03-17,US,United States of America,FL,Florida,213.208,186
2020-03-21,2020-03-18,US,United States of America,FL,Florida,290.025,314
2020-03-21,2020-03-19,US,United States of America,FL,Florida,388.252,390
2020-03-21,2020-03-20,US,United States of America,FL,Florida,511.918,520
2020-03-21,2020-03-21,US,United States of America,FL,Florida,665.331,658
2020-03-21,2020-03-22,US,United States of America,FL,Florida,853.006,
2020-03-21,2020-03-23,US,United States of America,FL,Florida,1079.57,
2020-03-21,2020-03-24,US,United States of America,FL,Florida,1349.667,
2020-03-21,2020-03-11,US,United States of America,GA,Georgia,22.753,22
2020-03-21,2020-03-12,US,United States of America,GA,Georgia,31.925,31
2020-03-21,2020-03-13,US,United States of America,GA,Georgia,44.527,42
2020-03-21,2020-03-14,US,United States of America,GA,Georgia,61.736,66
2020-03-21,2020-03-15,US,United States of America,GA,Georgia,85.1,99
2020-03-21,2020-03-16,US,United States of America,GA,Georgia,116.64,121
2020-03-21,2020-03-17,US,United States of America,GA,Georgia,158.974,146
2020-03-21,2020-03-18,US,United States of America,GA,Georgia,215.485,197
2020-03-21,2020-03-19,US,United States of America,GA,Georgia,290.508,287
2020-03-21,2020-03-20,US,United States of America,GA,Georgia,389.576,420
2020-03-21,2020-03-21,US,United States of America,GA,Georgia,519.709,507
2020-03-21,2020-03-22,US,United States of America,GA,Georgia,689.767,
2020-03-21,2020-03-23,US,United States of America,GA,Georgia,910.875,
2020-03-21,2020-03-24,US,United States of America,GA,Georgia,1196.927,
2020-03-21,2020-03-11,US,United States of America,IA,Iowa,8.108,13
2020-03-21,2020-03-12,US,United States of America,IA,Iowa,9.921,14
2020-03-21,2020-03-13,US,United States of America,IA,Iowa,12.139,16
2020-03-21,2020-03-14,US,United States of America,IA,Iowa,14.851,17
2020-03-21,2020-03-15,US,United States of America,IA,Iowa,18.166,18
2020-03-21,2020-03-16,US,United States of America,IA,Iowa,22.219,22
2020-03-21,2020-03-17,US,United States of America,IA,Iowa,27.174,23
2020-03-21,2020-03-18,US,United States of America,IA,Iowa,33.229,29
2020-03-21,2020-03-19,US,United States of America,IA,Iowa,40.63,38
2020-03-21,2020-03-20,US,United States of America,IA,Iowa,49.673,45
2020-03-21,2020-03-21,US,United States of America,IA,Iowa,60.723,68
2020-03-21,2020-03-22,US,United States of America,IA,Iowa,74.222,
2020-03-21,2020-03-23,US,United States of America,IA,Iowa,90.712,
2020-03-21,2020-03-24,US,United States of America,IA,Iowa,110.855,
2020-03-21,2020-03-11,US,United States of America,IL,Illinois,1.884,19
2020-03-21,2020-03-12,US,United States of America,IL,Illinois,5.479,25
2020-03-21,2020-03-13,US,United States of America,IL,Illinois,13.77,32
2020-03-21,2020-03-14,US,United States of America,IL,Illinois,30.507,46
2020-03-21,2020-03-15,US,United States of America,IL,Illinois,60.615,64
2020-03-21,2020-03-16,US,United States of America,IL,Illinois,109.637,93
2020-03-21,2020-03-17,US,United States of America,IL,Illinois,182.857,160
2020-03-21,2020-03-18,US,United States of America,IL,Illinois,284.356,289
2020-03-21,2020-03-19,US,United States of America,IL,Illinois,416.267,426
2020-03-21,2020-03-20,US,United States of America,IL,Illinois,578.402,590
2020-03-21,2020-03-21,US,United States of America,IL,Illinois,768.312,759
2020-03-21,2020-03-22,US,United States of America,IL,Illinois,981.682,
2020-03-21,2020-03-23,US,United States of America,IL,Illinois,1212.936,
2020-03-21,2020-03-24,US,United States of America,IL,Illinois,1455.903,
2020-03-21,2020-03-11,US,United States of America,MA,Massachusetts,66.79,92
2020-03-21,2020-03-12,US,United States of America,MA,Massachusetts,81.834,95
2020-03-21,2020-03-13,US,United States of America,MA,Massachusetts,100.256,123
2020-03-21,2020-03-14,US,United States of America,MA,Massachusetts,122.81,138
2020-03-21,2020-03-15,US,United States of America,MA,Massachusetts,150.422,138
2020-03-21,2020-03-16,US,United States of America,MA,Massachusetts,184.221,164
2020-03-21,2020-03-17,US,United States of America,MA,Massachusetts,225.59,218
2020-03-21,2020-03-18,US,United States of America,MA,Massachusetts,276.217,256
2020-03-21,2020-03-19,US,United States of America,MA,Massachusetts,338.169,328
2020-03-21,2020-03-20,US,United States of America,MA,Massachusetts,413.969,413
2020-03-21,2020-03-21,US,United States of America,MA,Massachusetts,506.704,525
2020-03-21,2020-03-22,US,United States of America,MA,Massachusetts,620.143,
2020-03-21,2020-03-23,US,United States of America,MA,Massachusetts,758.894,
2020-03-21,2020-03-24,US,United States of America,MA,Massachusetts,928.586,
2020-03-21,2020-03-11,US,United States of America,NJ,New Jersey,7.321,24
2020-03-21,2020-03-12,US,United States of America,NJ,New Jersey,15.743,30
2020-03-21,2020-03-13,US,United States of America,NJ,New Jersey,31.595,50
2020-03-21,2020-03-14,US,United States of America,NJ,New Jersey,59.547,50
2020-03-21,2020-03-15,US,United States of America,NJ,New Jersey,105.993,98
2020-03-21,2020-03-16,US,United States of America,NJ,New Jersey,179.106,178
2020-03-21,2020-03-17,US,United States of America,NJ,New Jersey,288.666,267
2020-03-21,2020-03-18,US,United States of America,NJ,New Jersey,445.642,427
2020-03-21,2020-03-19,US,United States of America,NJ,New Jersey,661.557,742
2020-03-21,2020-03-20,US,United States of America,NJ,New Jersey,947.706,890
2020-03-21,2020-03-21,US,United States of America,NJ,New Jersey,1314.317,1327
2020-03-21,2020-03-22,US,United States of America,NJ,New Jersey,1769.772,
2020-03-21,2020-03-23,US,United States of America,NJ,New Jersey,2319.958,
2020-03-21,2020-03-24,US,United States of America,NJ,New Jersey,2967.837,
2020-03-21,2020-03-11,US,United States of America,NY,New York,105.117,216
2020-03-21,2020-03-12,US,United States of America,NY,New York,167.991,216
2020-03-21,2020-03-13,US,United States of America,NY,New York,267.967,421
2020-03-21,2020-03-14,US,United States of America,NY,New York,426.641,524
2020-03-21,2020-03-15,US,United States of America,NY,New York,678.008,729
2020-03-21,2020-03-16,US,United States of America,NY,New York,1075.475,950
2020-03-21,2020-03-17,US,United States of America,NY,New York,1702.795,1700
2020-03-21,2020-03-18,US,United States of America,NY,New York,2691.063,2382
2020-03-21,2020-03-19,US,United States of America,NY,New York,4245.104,4152
2020-03-21,2020-03-20,US,United States of America,NY,New York,6684.345,7102
2020-03-21,2020-03-21,US,United States of America,NY,New York,10506.03,10356
2020-03-21,2020-03-22,US,United States of America,NY,New York,16482.795,
2020-03-21,2020-03-23,US,United States of America,NY,New York,25813.011,
2020-03-21,2020-03-24,US,United States of America,NY,New York,40352.015,
2020-03-21,2020-03-11,US,United States of America,OR,Oregon,17.484,19
2020-03-21,2020-03-12,US,United States of America,OR,Oregon,21.292,19
2020-03-21,2020-03-13,US,United States of America,OR,Oregon,25.919,30
2020-03-21,2020-03-14,US,United States of America,OR,Oregon,31.541,30
2020-03-21,2020-03-15,US,United States of America,OR,Oregon,38.367,36
2020-03-21,2020-03-16,US,United States of America,OR,Oregon,46.654,39
2020-03-21,2020-03-17,US,United States of America,OR,Oregon,56.709,47
2020-03-21,2020-03-18,US,United States of America,OR,Oregon,68.906,75
2020-03-21,2020-03-19,US,United States of America,OR,Oregon,83.695,88
2020-03-21,2020-03-20,US,United States of America,OR,Oregon,101.62,114
2020-03-21,2020-03-21,US,United States of America,OR,Oregon,123.339,114
2020-03-21,2020-03-22,US,United States of America,OR,Oregon,149.645,
2020-03-21,2020-03-23,US,United States of America,OR,Oregon,181.495,
2020-03-21,2020-03-24,US,United States of America,OR,Oregon,220.043,
2020-03-21,2020-03-11,US,United States of America,PA,Pennsylvania,14.656,15
2020-03-21,2020-03-12,US,United States of America,PA,Pennsylvania,20.25,22
2020-03-21,2020-03-13,US,United States of America,PA,Pennsylvania,27.972,33
2020-03-21,2020-03-14,US,United States of America,PA,Pennsylvania,38.628,47
2020-03-21,2020-03-15,US,United States of America,PA,Pennsylvania,53.327,63
2020-03-21,2020-03-16,US,United States of America,PA,Pennsylvania,73.599,76
2020-03-21,2020-03-17,US,United States of America,PA,Pennsylvania,101.549,96
2020-03-21,2020-03-18,US,United States of America,PA,Pennsylvania,140.074,133
2020-03-21,2020-03-19,US,United States of America,PA,Pennsylvania,193.161,185
2020-03-21,2020-03-20,US,United States of America,PA,Pennsylvania,266.293,268
2020-03-21,2020-03-21,US,United States of America,PA,Pennsylvania,367.01,371
2020-03-21,2020-03-22,US,United States of America,PA,Pennsylvania,505.678,
2020-03-21,2020-03-23,US,United States of America,PA,Pennsylvania,696.546,
2020-03-21,2020-03-24,US,United States of America,PA,Pennsylvania,959.189,
2020-03-21,2020-03-11,US,United States of America,TX,Texas,10.298,21
2020-03-21,2020-03-12,US,United States of America,TX,Texas,14.388,23
2020-03-21,2020-03-13,US,United States of America,TX,Texas,20.095,39
2020-03-21,2020-03-14,US,United States of America,TX,Texas,28.057,51
2020-03-21,2020-03-15,US,United States of America,TX,Texas,39.163,56
2020-03-21,2020-03-16,US,United States of America,TX,Texas,54.648,57
2020-03-21,2020-03-17,US,United States of America,TX,Texas,76.233,64
2020-03-21,2020-03-18,US,United States of America,TX,Texas,106.312,83
2020-03-21,2020-03-19,US,United States of America,TX,Texas,148.214,143
2020-03-21,2020-03-20,US,United States of America,TX,Texas,206.57,194
2020-03-21,2020-03-21,US,United States of America,TX,Texas,287.816,304
2020-03-21,2020-03-22,US,United States of America,TX,Texas,400.897,
2020-03-21,2020-03-23,US,United States of America,TX,Texas,558.24,
2020-03-21,2020-03-24,US,United States of America,TX,Texas,777.103,
2020-03-21,2020-03-11,US,United States of America,WA,Washington,272.592,267
2020-03-21,2020-03-12,US,United States of America,WA,Washington,346.806,337
2020-03-21,2020-03-13,US,United States of America,WA,Washington,433.1,457
2020-03-21,2020-03-14,US,United States of America,WA,Washington,531.668,568
2020-03-21,2020-03-15,US,United States of America,WA,Washington,642.418,642
2020-03-21,2020-03-16,US,United States of America,WA,Washington,764.984,769
2020-03-21,2020-03-17,US,United States of America,WA,Washington,898.737,904
2020-03-21,2020-03-18,US,United States of America,WA,Washington,1042.823,1012
2020-03-21,2020-03-19,US,United States of America,WA,Washington,1196.201,1187
2020-03-21,2020-03-20,US,United States of America,WA,Washington,1357.679,1376
2020-03-21,2020-03-21,US,United States of America,WA,Washington,1525.967,1524
2020-03-21,2020-03-22,US,United States of America,WA,Washington,1699.713,
2020-03-21,2020-03-23,US,United States of America,WA,Washington,1877.548,
2020-03-21,2020-03-24,US,United States of America,WA,Washington,2058.12,
2020-03-21,2020-03-11,US,United States of America,,,660.838,1025
2020-03-21,2020-03-12,US,United States of America,,,928.158,1312
2020-03-21,2020-03-13,US,United States of America,,,1303.207,1663
2020-03-21,2020-03-14,US,United States of America,,,1829.234,2174
2020-03-21,2020-03-15,US,United States of America,,,2566.787,2951
2020-03-21,2020-03-16,US,United States of America,,,3600.601,3774
2020-03-21,2020-03-17,US,United States of America,,,5049.229,4661
2020-03-21,2020-03-18,US,United States of America,,,7078.48,6427
2020-03-21,2020-03-19,US,United States of America,,,9920.19,9415
2020-03-21,2020-03-20,US,United States of America,,,13898.412,14250
2020-03-21,2020-03-21,US,United States of America,,,19465.953,19624
2020-03-21,2020-03-22,US,United States of America,,,27255.341,
2020-03-21,2020-03-23,US,United States of America,,,38149.874,
2020-03-21,2020-03-24,US,United States of America,,,53382.668,
2020-03-21,2020-03-11,VN,Vietnam,,,38.555,35
2020-03-21,2020-03-12,VN,Vietnam,,,41.613,39
2020-03-21,2020-03-13,VN,Vietnam,,,44.913,44
2020-03-21,2020-03-14,VN,Vietnam,,,48.473,49
2020-03-21,2020-03-15,VN,Vietnam,,,52.315,53
2020-03-21,2020-03-16,VN,Vietnam,,,56.46,57
2020-03-21,2020-03-17,VN,Vietnam,,,60.933,61
2020-03-21,2020-03-18,VN,Vietnam,,,65.759,61
2020-03-21,2020-03-19,VN,Vietnam,,,70.967,76
2020-03-21,2020-03-20,VN,Vietnam,,,76.585,85
2020-03-21,2020-03-21,VN,Vietnam,,,82.647,87
2020-03-21,2020-03-22,VN,Vietnam,,,89.187,
2020-03-21,2020-03-23,VN,Vietnam,,,96.244,
2020-03-21,2020-03-24,VN,Vietnam,,,103.857,
