key,date,mobility_retail_and_recreation,mobility_grocery_and_pharmacy,mobility_parks,mobility_transit_stations,mobility_workplaces,mobility_residential
AE,2020-05-13,-51,-21,-66,-61,-43,28
AF,2020-05-13,-38,-12,-19,-44,-30,13
AG,2020-05-13,-42,-29,-28,-63,-46,26
AO,2020-05-13,-34,-20,-25,-51,-28,20
AR,2020-05-13,-70,-22,-87,-52,-35,19
AR_B,2020-05-13,-72,-24,-89,-48,-40,19
AR_L,2020-05-13,-68,-25,-84,-37,-20,15
AR_R,2020-05-13,-76,-39,-86,-87,-34,22
AR_T,2020-05-13,-62,-7,-76,-74,-24,13
AR_W,2020-05-13,-62,-17,-80,-66,-15,12
AR_Y,2020-05-13,-56,-13,-79,-60,-11,13
AT,2020-05-13,-41,-10,-13,-43,-35,13
AU,2020-05-13,-31,-5,-28,-52,-27,15
AU_ACT,2020-05-13,-37,-3,-4,-51,-37,19
AU_NSW,2020-05-13,-34,-4,-28,-52,-31,16
AU_NT,2020-05-13,-15,9,-3,-28,8,6
AU_QLD,2020-05-13,-27,-3,-19,-48,-22,12
AU_SA,2020-05-13,-25,1,-25,-40,-14,11
AU_TAS,2020-05-13,-39,-14,-59,-53,-21,14
AU_VIC,2020-05-13,-37,-9,-40,-64,-37,19
AU_WA,2020-05-13,-23,2,-19,-44,-14,11
AW,2020-05-13,-51,-22,-34,-54,-43,24
BA,2020-05-13,-26,-6,22,-30,-24,7
BB,2020-05-13,-55,-34,-42,-62,-52,24
BD,2020-05-13,-59,-39,-31,-56,-40,20
BE,2020-05-13,-44,-15,-7,-50,-46,18
BF,2020-05-13,-17,-8,-6,-25,-5,10
BG,2020-05-13,-21,-5,27,-33,-30,8
BH,2020-05-13,-39,-16,-37,-33,-24,19
BJ,2020-05-13,-13,1,8,-17,-7,5
BO,2020-05-13,-74,-59,-65,-72,-62,33
BR,2020-05-13,-51,-14,-46,-49,-31,17
BS,2020-05-13,-43,-15,-29,-77,-45,24
BW,2020-05-13,-43,-34,-21,-66,-48,31
BY,2020-05-13,-15,0,3,-18,-17,6
BZ,2020-05-13,-41,-27,-38,-55,-42,18
CA,2020-05-13,-38,-9,46,-58,-51,19
CA_AB,2020-05-13,-31,3,57,-58,-46,17
CA_BC,2020-05-13,-40,-6,54,-55,-49,18
CA_MB,2020-05-13,-29,-4,-20,-57,-41,17
CA_NB,2020-05-13,-19,-7,59,-33,-45,15
CA_NL,2020-05-13,-28,-11,42,-57,-50,15
CA_NS,2020-05-13,-36,-17,37,-60,-54,19
CA_NT,2020-05-13,-53,-41,,-31,-40,
CA_NU,2020-05-13,-36,,,,-22,
CA_ON,2020-05-13,-42,-12,35,-60,-56,22
CA_PE,2020-05-13,-31,-5,-37,,-44,14
CA_QC,2020-05-13,-39,-13,60,-60,-50,20
CA_SK,2020-05-13,-27,4,75,-44,-40,14
CA_YT,2020-05-13,-45,-26,,,-33,
CH,2020-05-13,-39,-5,-31,-38,-28,14
CH_AG,2020-05-13,-26,5,-11,-25,-23,12
CH_AI,2020-05-13,-80,,,,-12,
CH_AR,2020-05-13,-62,12,,-32,-16,
CH_BL,2020-05-13,-28,1,-18,-29,-25,13
CH_FR,2020-05-13,-37,-3,-26,-43,-29,14
CH_GE,2020-05-13,-51,-18,-46,-57,-44,20
CH_GL,2020-05-13,-87,-6,,-2,-13,
CH_GR,2020-05-13,-55,-17,-46,-52,-24,10
CH_JU,2020-05-13,-37,-6,,-32,-25,13
CH_LU,2020-05-13,-31,-3,-28,-33,-21,12
CH_NE,2020-05-13,-39,-15,-2,-35,-35,15
CH_NW,2020-05-13,-62,0,-21,-38,-20,
CH_OW,2020-05-13,-83,-4,-49,-41,-15,
CH_SG,2020-05-13,-28,8,15,-25,-18,10
CH_SH,2020-05-13,-42,21,,-30,-21,2
CH_SO,2020-05-13,-34,6,-34,-34,-20,12
CH_SZ,2020-05-13,-18,4,46,-25,-20,11
CH_TG,2020-05-13,-31,4,-4,-30,-17,10
CH_TI,2020-05-13,-47,-15,-38,-45,-31,16
CH_UR,2020-05-13,-74,0,,-40,-15,
CH_VD,2020-05-13,-41,-13,-42,-44,-36,17
CH_VS,2020-05-13,-41,-11,-39,-40,-27,11
CI,2020-05-13,-18,-5,-14,-23,-15,13
CL,2020-05-13,-60,-35,-60,-61,-44,25
CL_AI,2020-05-13,-54,-29,-57,-71,-18,17
CL_AN,2020-05-13,-65,-53,-66,-61,-42,24
CL_AP,2020-05-13,-71,-50,-75,-66,-45,24
CL_AT,2020-05-13,-49,-30,-53,-60,-24,19
CL_CO,2020-05-13,-61,-41,-73,-58,-32,19
CL_LI,2020-05-13,-45,-28,-48,-42,-24,19
CL_LL,2020-05-13,-56,-42,-60,-56,-27,19
CL_LR,2020-05-13,-63,-44,-70,-63,-32,21
CL_ML,2020-05-13,-48,-33,-47,-42,-22,19
CL_NB,2020-05-13,-48,-39,-41,-71,-50,16
CL_TA,2020-05-13,-56,-25,-62,-31,-30,19
CL_VS,2020-05-13,-58,-40,-65,-52,-35,21
CM,2020-05-13,-16,-11,-20,-14,-13,10
CO,2020-05-13,-64,-41,-53,-62,-51,26
CO_AMA,2020-05-13,-87,-46,-68,,-42,
CO_ANT,2020-05-13,-64,-43,-51,-64,-49,25
CO_ARA,2020-05-13,-69,-27,-47,-48,-28,12
CO_CAL,2020-05-13,-65,-45,-54,-79,-49,24
CO_CAS,2020-05-13,-61,-41,-44,-57,-34,24
CO_CAU,2020-05-13,-62,-42,-51,-45,-43,21
CO_CES,2020-05-13,-60,-42,-47,-72,-38,19
CO_CUN,2020-05-13,-59,-39,-50,-54,-43,28
CO_GUV,2020-05-13,-84,-86,-44,,-30,
CO_HUI,2020-05-13,-63,-46,-59,,-44,22
CO_LAG,2020-05-13,-62,-41,-52,-63,-40,20
CO_MAG,2020-05-13,-66,-49,-67,-80,-46,20
CO_MET,2020-05-13,-65,-47,-49,-53,-42,26
CO_PUT,2020-05-13,-60,-50,-44,-65,-33,20
CO_RIS,2020-05-13,-64,-38,-61,-78,-50,24
CO_SAN,2020-05-13,-64,-40,-53,-59,-48,24
CO_SUC,2020-05-13,-57,-33,-43,-83,-36,18
CO_TOL,2020-05-13,-64,-43,-50,-78,-47,24
CO_VAC,2020-05-13,-61,-41,-54,-56,-46,23
CO_VID,2020-05-13,-67,,-26,,1,
CR,2020-05-13,-39,-23,-43,-45,-32,17
CV,2020-05-13,-51,-37,-44,-69,-52,21
CZ,2020-05-13,-32,7,-10,-25,-24,10
DE,2020-05-13,-31,-7,13,-36,-26,11
DE_BB,2020-05-13,-22,0,20,-24,-19,8
DE_BE,2020-05-13,-42,-4,9,-38,-35,13
DE_BW,2020-05-13,-39,-12,-18,-42,-28,13
DE_BY,2020-05-13,-37,-8,-18,-42,-28,12
DE_HB,2020-05-13,-38,-6,0,-43,-31,11
DE_HE,2020-05-13,-33,-8,28,-50,-30,12
DE_HH,2020-05-13,-43,-5,5,-45,-37,15
DE_MV,2020-05-13,-26,-4,-12,-28,-19,8
DE_NI,2020-05-13,-26,-7,32,-31,-27,10
DE_NW,2020-05-13,-25,-5,33,-36,-27,11
DE_RP,2020-05-13,-24,-6,21,-40,-25,10
DE_SH,2020-05-13,-31,-5,6,-32,-27,11
DE_SL,2020-05-13,-32,-10,-3,-44,-26,11
DE_SN,2020-05-13,-26,-2,42,-23,-19,7
DE_ST,2020-05-13,-24,-4,27,-22,-15,6
DE_TH,2020-05-13,-23,-5,34,-17,-18,7
DK,2020-05-13,-20,1,82,-33,-30,11
DO,2020-05-13,-62,-43,-52,-75,-58,27
EC,2020-05-13,-65,-47,-60,-68,-65,31
EE,2020-05-13,-21,-5,8,-30,-39,13
EG,2020-05-13,-51,-3,-40,-44,-26,14
ES,2020-05-13,-69,-26,-27,-58,-53,21
ES_AN,2020-05-13,-68,-31,-44,-62,-50,19
ES_AS,2020-05-13,-61,-19,7,-33,-47,16
ES_CB,2020-05-13,-64,-20,2,-47,-46,18
ES_CE,2020-05-13,-76,-39,-59,-66,-49,4
ES_CM,2020-05-13,-71,-31,-37,-61,-49,20
ES_CN,2020-05-13,-68,-32,-53,-58,-52,18
ES_CT,2020-05-13,-71,-24,-23,-56,-56,25
ES_EX,2020-05-13,-67,-26,-31,-49,-43,15
ES_GA,2020-05-13,-64,-22,-10,-52,-45,18
ES_IB,2020-05-13,-54,-21,6,-52,-44,17
ES_MC,2020-05-13,-58,-21,-5,-36,-41,14
ES_MD,2020-05-13,-79,-24,-35,-67,-65,29
ES_ML,2020-05-13,-65,-32,-24,-60,-46,17
ES_NC,2020-05-13,-60,-16,-6,-61,-44,18
ES_PV,2020-05-13,-66,-21,-7,-47,-49,22
ES_RI,2020-05-13,-58,-22,-11,-42,-42,17
ES_VC,2020-05-13,-69,-30,-20,-59,-50,20
FI,2020-05-13,-36,-8,78,-49,-43,13
FJ,2020-05-13,-22,-14,-12,-26,-14,13
FR,2020-05-13,-51,-10,-31,-53,-45,17
FR_ARA,2020-05-13,-55,-17,-47,-57,-45,18
FR_BFC,2020-05-13,-49,-15,-34,-47,-39,15
FR_BRE,2020-05-13,-45,-8,3,-44,-39,14
FR_COR,2020-05-13,-46,-14,-27,-45,-32,12
FR_CVL,2020-05-13,-45,-10,-30,-50,-40,15
FR_GES,2020-05-13,-49,-12,-26,-53,-41,16
FR_HDF,2020-05-13,-43,-9,-10,-53,-42,14
FR_IDF,2020-05-13,-59,-8,-54,-57,-59,23
FR_NAQ,2020-05-13,-47,-11,-25,-46,-39,15
FR_NOR,2020-05-13,-43,-7,-14,-52,-38,14
FR_OCC,2020-05-13,-48,-11,-29,-47,-43,16
FR_PAC,2020-05-13,-48,-10,-33,-48,-42,15
FR_PDL,2020-05-13,-46,-11,5,-52,-41,15
GA,2020-05-13,-28,-21,-14,-35,-25,21
GB,2020-05-13,-68,-23,6,-62,-61,25
GE,2020-05-13,-54,-30,-18,-49,-50,15
GH,2020-05-13,-20,-8,-16,-23,-18,14
GR,2020-05-13,-34,6,70,-32,-29,10
GT,2020-05-13,-52,-38,-44,-65,-41,24
GW,2020-05-13,-64,-17,-27,,-29,
HK,2020-05-13,-19,-3,-16,-25,-7,11
HN,2020-05-13,-65,-41,-43,-67,-52,23
HR,2020-05-13,-18,-6,22,-42,-30,9
HT,2020-05-13,-30,-27,-18,-47,-31,9
HU,2020-05-13,-33,-11,-6,-44,-37,15
ID,2020-05-13,-37,-12,-32,-54,-34,17
ID_AC,2020-05-13,-25,-9,-28,-51,-23,10
ID_BA,2020-05-13,-44,-32,-60,-77,-40,20
ID_BB,2020-05-13,-25,-1,-25,-64,-25,13
ID_BE,2020-05-13,-24,-8,-34,-55,-28,13
ID_BT,2020-05-13,-32,-11,-27,-65,-36,20
ID_GO,2020-05-13,-38,-21,-18,-58,-34,20
ID_JA,2020-05-13,-29,-13,-25,-57,-27,13
ID_JB,2020-05-13,-55,-6,-26,-48,-38,19
ID_JI,2020-05-13,-25,-8,-29,-52,-31,16
ID_JK,2020-05-13,-54,-22,-94,-63,-48,24
ID_JT,2020-05-13,-18,-3,-22,-47,-29,14
ID_KB,2020-05-13,-42,-18,-26,-53,-27,13
ID_KI,2020-05-13,-30,-8,-20,-56,-26,14
ID_KR,2020-05-13,-36,-17,-34,-70,-24,17
ID_KS,2020-05-13,-34,-16,-34,-58,-28,15
ID_KT,2020-05-13,-37,-20,-33,-50,-25,13
ID_KU,2020-05-13,-33,-6,-27,-48,-24,13
ID_LA,2020-05-13,-23,-2,-21,-43,-30,13
ID_MA,2020-05-13,-35,-17,-18,-63,-27,14
ID_MU,2020-05-13,-29,-1,-21,-33,-24,12
ID_NB,2020-05-13,-29,-13,-35,-59,-26,15
ID_NT,2020-05-13,-35,-20,-16,-60,-20,13
ID_PA,2020-05-13,-42,-26,-27,-54,-26,16
ID_PB,2020-05-13,-30,-16,-30,-64,-25,15
ID_RI,2020-05-13,-32,-16,-14,-54,-27,13
ID_SA,2020-05-13,-44,-22,-26,-64,-30,16
ID_SB,2020-05-13,-34,-8,-34,-52,-35,16
ID_SN,2020-05-13,-44,-19,-26,-68,-37,18
ID_SR,2020-05-13,-28,-16,-56,-51,-26,15
ID_SS,2020-05-13,-31,-13,-18,-46,-29,14
ID_ST,2020-05-13,-29,-10,-8,-58,-21,13
ID_SU,2020-05-13,-31,-14,-31,-48,-28,14
IE,2020-05-13,-68,-13,-8,-58,-60,26
IL,2020-05-13,-37,1,15,-25,-29,15
IN,2020-05-13,-77,-26,-58,-53,-49,23
IN_AN,2020-05-13,-86,-79,-74,-74,-37,23
IN_AP,2020-05-13,-78,-27,-57,-48,-39,22
IN_AR,2020-05-13,-60,-10,-11,-41,-12,7
IN_AS,2020-05-13,-74,-23,-20,-47,-25,15
IN_BR,2020-05-13,-71,1,-8,-47,-23,11
IN_CH,2020-05-13,-85,-62,-97,-69,-61,29
IN_CT,2020-05-13,-68,3,-56,-50,-23,14
IN_DD,2020-05-13,-76,-33,-81,-43,-26,21
IN_DL,2020-05-13,-82,-50,-94,-73,-70,30
IN_DN,2020-05-13,-61,18,-57,-62,-22,17
IN_GA,2020-05-13,-69,-24,-70,-36,-31,15
IN_GJ,2020-05-13,-85,-52,-67,-57,-59,30
IN_HP,2020-05-13,-64,-14,-31,-20,-26,12
IN_HR,2020-05-13,-72,-22,-86,-60,-50,24
IN_JH,2020-05-13,-77,-31,-43,-54,-35,18
IN_JK,2020-05-13,2,128,202,176,81,15
IN_KA,2020-05-13,-72,-17,-69,-42,-51,23
IN_KL,2020-05-13,-73,0,3,-31,-36,20
IN_LD,2020-05-13,,,29,,-15,
IN_MH,2020-05-13,-82,-40,-71,-66,-66,32
IN_ML,2020-05-13,-70,-40,-17,-21,-22,15
IN_MN,2020-05-13,-77,-20,-13,-19,-27,10
IN_MP,2020-05-13,-77,-30,-67,-51,-45,22
IN_MZ,2020-05-13,-77,-13,-15,-9,-30,7
IN_NL,2020-05-13,-67,-32,-60,-49,-16,9
IN_OR,2020-05-13,-73,-19,-33,-46,-27,12
IN_PB,2020-05-13,-74,-25,-72,-55,-44,19
IN_PY,2020-05-13,-69,-16,-73,-34,-32,25
IN_RJ,2020-05-13,-76,-19,-73,-53,-42,19
IN_SK,2020-05-13,-65,-31,-43,-60,-14,10
IN_TG,2020-05-13,-83,-31,-65,-55,-56,25
IN_TN,2020-05-13,-74,-17,-39,-42,-47,25
IN_TR,2020-05-13,-75,-18,-12,-37,-9,15
IN_UP,2020-05-13,-75,-18,-51,-59,-45,20
IN_UT,2020-05-13,-65,-11,-51,-42,-27,17
IN_WB,2020-05-13,-82,-29,-51,-62,-48,21
IQ,2020-05-13,-18,9,-11,-16,-16,12
IT,2020-05-13,-59,-27,-39,-59,-42,19
IT_25,2020-05-13,-67,-34,-57,-69,-46,23
IT_34,2020-05-13,-59,-22,-42,-57,-35,18
IT_42,2020-05-13,-57,-26,-44,-54,-43,20
IT_45,2020-05-13,-57,-24,-23,-54,-38,19
IT_52,2020-05-13,-58,-28,-36,-52,-39,19
IT_55,2020-05-13,-56,-28,-22,-39,-37,17
IT_57,2020-05-13,-54,-25,-19,-41,-37,18
IT_62,2020-05-13,-60,-26,-48,-64,-50,22
IT_65,2020-05-13,-54,-23,-18,-54,-40,16
IT_67,2020-05-13,-54,-28,-33,-47,-41,16
IT_72,2020-05-13,-57,-24,-42,-55,-43,17
IT_75,2020-05-13,-52,-23,-26,-60,-40,15
IT_77,2020-05-13,-53,-22,-23,-49,-41,15
IT_78,2020-05-13,-56,-25,-30,-58,-43,16
IT_82,2020-05-13,-55,-26,-39,-57,-43,15
IT_88,2020-05-13,-58,-26,-8,-47,-40,14
JM,2020-05-13,-39,-28,-50,-39,-39,21
JO,2020-05-13,-37,-15,-34,-80,-38,15
JP,2020-05-13,-31,-1,4,-44,-23,13
JP_01,2020-05-13,-28,-6,-1,-43,-19,10
JP_02,2020-05-13,-9,1,20,-26,-7,4
JP_03,2020-05-13,-10,3,12,-26,-7,4
JP_04,2020-05-13,-17,2,19,-41,-16,9
JP_05,2020-05-13,-10,2,27,-24,-8,4
JP_06,2020-05-13,-11,1,29,-36,-10,7
JP_07,2020-05-13,-17,0,23,-36,-13,8
JP_08,2020-05-13,-21,-3,10,-47,-19,12
JP_09,2020-05-13,-20,-1,9,-42,-15,10
JP_10,2020-05-13,-23,-3,4,-42,-17,11
JP_11,2020-05-13,-27,1,17,-46,-29,16
JP_12,2020-05-13,-32,0,27,-48,-31,17
JP_13,2020-05-13,-53,-5,-2,-54,-44,23
JP_14,2020-05-13,-37,0,20,-47,-37,19
JP_15,2020-05-13,-14,3,16,-38,-12,8
JP_16,2020-05-13,-22,-2,19,-39,-15,10
JP_17,2020-05-13,-26,0,22,-50,-20,12
JP_18,2020-05-13,-20,1,27,-30,-14,9
JP_19,2020-05-13,-22,-3,-19,-45,-16,10
JP_20,2020-05-13,-22,-2,2,-45,-13,9
JP_21,2020-05-13,-26,-3,-12,-40,-17,11
JP_22,2020-05-13,-21,-2,-12,-42,-15,10
JP_23,2020-05-13,-27,-2,8,-45,-20,13
JP_24,2020-05-13,-19,-3,-8,-43,-14,9
JP_25,2020-05-13,-22,1,4,-43,-20,11
JP_26,2020-05-13,-34,-1,8,-47,-26,13
JP_27,2020-05-13,-39,-2,12,-43,-26,14
JP_29,2020-05-13,-24,2,-2,-39,-22,11
JP_30,2020-05-13,-20,-3,3,-36,-14,8
JP_31,2020-05-13,-13,1,19,-29,-8,6
JP_32,2020-05-13,-18,-3,9,-30,-11,7
JP_33,2020-05-13,-21,-2,5,-36,-12,8
JP_34,2020-05-13,-27,-1,14,-40,-18,11
JP_35,2020-05-13,-17,-1,7,-34,-12,8
JP_36,2020-05-13,-19,-3,4,-36,-11,7
JP_37,2020-05-13,-18,-1,-9,-41,-13,9
JP_38,2020-05-13,-18,-2,6,-31,-10,6
JP_40,2020-05-13,-28,-2,27,-48,-22,12
JP_41,2020-05-13,-14,-1,6,-36,-11,8
JP_42,2020-05-13,-18,-1,-2,-29,-9,6
JP_43,2020-05-13,-19,-1,4,-31,-14,8
JP_45,2020-05-13,-18,1,-6,-27,-8,6
JP_46,2020-05-13,-16,-1,-4,-36,-7,5
JP_47,2020-05-13,-31,-7,-39,-54,-22,13
KE,2020-05-13,-36,-27,-27,-33,-31,21
KG,2020-05-13,-45,-29,-16,-43,-43,10
KH,2020-05-13,-24,-15,-14,-45,-21,9
KR,2020-05-13,-7,8,58,-4,-2,3
KW,2020-05-13,-88,-76,-77,-79,-80,43
KZ,2020-05-13,-29,-13,5,-14,-36,9
LA,2020-05-13,-29,-14,-9,-44,-21,8
LB,2020-05-13,-31,7,-2,-53,-35,9
LI,2020-05-13,-74,-18,,-29,-23,
LK,2020-05-13,-51,-27,-33,-47,-37,23
LT,2020-05-13,-36,-4,18,-42,-39,15
LU,2020-05-13,-51,-21,-7,-45,-49,21
LV,2020-05-13,-18,-4,6,-35,-33,11
LY,2020-05-13,-22,5,3,-31,-19,10
MD,2020-05-13,-22,-12,3,-35,-37,10
MK,2020-05-13,-39,-10,29,-44,-38,12
ML,2020-05-13,-17,-13,-3,-35,-8,10
MM,2020-05-13,-47,-30,-14,-42,-27,15
MN,2020-05-13,6,28,36,11,6,-2
MT,2020-05-13,-47,-17,-10,-35,-45,21
MU,2020-05-13,-75,-60,-69,-81,-68,31
MX,2020-05-13,-55,-23,-48,-61,-48,22
MX_AGU,2020-05-13,-50,-18,-37,-62,-46,22
MX_BCN,2020-05-13,-52,-15,-35,-61,-42,21
MX_BCS,2020-05-13,-66,-34,-63,-72,-53,25
MX_CAM,2020-05-13,-59,-28,-57,-58,-50,23
MX_CHH,2020-05-13,-54,-16,-40,-58,-47,21
MX_CHP,2020-05-13,-52,-23,-45,-55,-41,17
MX_CMX,2020-05-13,-67,-34,-62,-67,-62,29
MX_COA,2020-05-13,-49,-18,-45,-48,-45,21
MX_COL,2020-05-13,-47,-15,-30,-51,-34,15
MX_DUR,2020-05-13,-45,-18,-44,-45,-41,17
MX_GRO,2020-05-13,-57,-24,-45,-52,-47,18
MX_GUA,2020-05-13,-50,-14,-45,-47,-41,19
MX_HID,2020-05-13,-51,-25,-47,-56,-49,22
MX_JAL,2020-05-13,-47,-18,-41,-54,-40,18
MX_MEX,2020-05-13,-50,-19,-40,-59,-50,23
MX_MIC,2020-05-13,-45,-17,-29,-43,-34,14
MX_MOR,2020-05-13,-53,-23,-50,-51,-46,21
MX_NAY,2020-05-13,-57,-28,-56,-46,-45,19
MX_OAX,2020-05-13,-52,-26,-53,-48,-42,17
MX_PUE,2020-05-13,-54,-23,-44,-44,-49,21
MX_QUE,2020-05-13,-58,-25,-48,-43,-49,24
MX_ROO,2020-05-13,-74,-46,-75,-85,-63,32
MX_SIN,2020-05-13,-60,-30,-49,-63,-51,23
MX_SON,2020-05-13,-53,-22,-42,-51,-48,21
MX_TAB,2020-05-13,-64,-37,-54,-61,-52,23
MX_TAM,2020-05-13,-45,-14,-42,-49,-42,19
MX_TLA,2020-05-13,-41,-18,-37,-47,-45,19
MX_VER,2020-05-13,-49,-19,-43,-50,-41,16
MX_ZAC,2020-05-13,-54,-28,-54,-54,-45,18
MY,2020-05-13,-58,-11,-45,-54,-34,23
MZ,2020-05-13,-24,-12,-25,-24,-8,10
NE,2020-05-13,-16,-3,-20,-30,-13,10
NG,2020-05-13,-35,-24,-41,-31,-34,21
NI,2020-05-13,-36,-20,-24,-35,-18,12
NL,2020-05-13,-30,-6,28,-54,-37,13
NO,2020-05-13,-9,8,52,-30,-27,10
NO_03,2020-05-13,-24,3,57,-44,-44,16
NO_11,2020-05-13,-7,5,68,-28,-23,9
NO_15,2020-05-13,-11,5,6,-16,-20,9
NO_18,2020-05-13,-8,4,6,-45,-17,7
NO_30,2020-05-13,2,16,106,-37,-28,10
NO_34,2020-05-13,-8,2,52,-19,-21,7
NO_38,2020-05-13,-2,11,68,-16,-22,7
NO_42,2020-05-13,-4,15,64,-4,-22,8
NO_46,2020-05-13,-9,8,38,-17,-26,9
NO_50,2020-05-13,-15,5,24,-40,-30,11
NO_54,2020-05-13,-10,12,17,-34,-20,5
NP,2020-05-13,-66,-48,-41,-57,-55,19
NZ,2020-05-13,-70,-25,-53,-68,-39,21
OM,2020-05-13,-53,-38,-45,-66,-40,21
PA,2020-05-13,-72,-49,-64,-71,-64,36
PE,2020-05-13,-82,-54,-63,-74,-67,36
PE_AMA,2020-05-13,-84,-81,-55,-81,-37,
PE_ANC,2020-05-13,-84,-54,-52,-79,-58,29
PE_ARE,2020-05-13,-84,-61,-54,-69,-63,33
PE_AYA,2020-05-13,-79,-50,-58,-87,-50,29
PE_CAJ,2020-05-13,-76,-46,-53,-74,-50,26
PE_HUV,2020-05-13,-78,,-38,-65,-38,
PE_ICA,2020-05-13,-80,-51,-64,-83,-54,31
PE_LAL,2020-05-13,-82,-50,-60,-71,-60,31
PE_LAM,2020-05-13,-86,-69,-63,-81,-66,33
PE_LOR,2020-05-13,-82,-48,-54,-69,-57,30
PE_MDD,2020-05-13,-82,-50,-59,-59,-42,0
PE_MOQ,2020-05-13,-76,-63,-68,-88,-53,34
PE_PAS,2020-05-13,-73,-53,-46,-79,-38,
PE_PIU,2020-05-13,-83,-63,-61,-80,-62,31
PE_PUN,2020-05-13,-74,-52,-48,-73,-48,27
PE_TAC,2020-05-13,-80,-55,-64,-78,-58,32
PE_TUM,2020-05-13,-81,-47,-65,-76,-53,10
PE_UCA,2020-05-13,-76,-42,-54,-87,-55,29
PG,2020-05-13,-6,13,-14,-26,21,4
PH,2020-05-13,-78,-44,-51,-76,-64,33
PK,2020-05-13,-39,-25,-18,-37,-31,14
PL,2020-05-13,-30,-13,2,-46,-30,12
PR,2020-05-13,-43,-27,-41,-65,-43,21
PT,2020-05-13,-58,-27,-43,-63,-48,25
PT_20,2020-05-13,-56,-29,-23,-70,-48,21
PT_30,2020-05-13,-63,-37,-55,-47,-51,25
PY,2020-05-13,-35,-18,-41,-48,-21,16
QA,2020-05-13,-49,-20,-41,-50,-36,25
RE,2020-05-13,-69,-57,-73,-72,-35,
RO,2020-05-13,-47,-19,-24,-50,-42,14
RS,2020-05-13,-14,-6,29,-33,-33,5
RW,2020-05-13,-32,-24,-8,-35,-30,13
SA,2020-05-13,-56,-27,-57,-75,-47,25
SE,2020-05-13,-18,-3,48,-34,-23,9
SG,2020-05-13,-63,-22,-62,-64,-65,43
SI,2020-05-13,-28,-17,6,-37,-32,13
SK,2020-05-13,-47,-8,-10,-44,-32,14
SN,2020-05-13,-41,-25,-31,-50,-30,17
SV,2020-05-13,-79,-61,-69,-75,-66,34
TG,2020-05-13,-27,-14,-9,-30,-11,15
TH,2020-05-13,-36,-2,-32,-43,-24,13
TJ,2020-05-13,-48,-35,-35,-53,-39,16
TR,2020-05-13,-45,9,0,-44,-36,15
TT,2020-05-13,-47,-22,-33,-68,-50,23
TW,2020-05-13,-11,4,1,-15,9,2
TZ,2020-05-13,-25,-8,-15,-21,-21,9
UG,2020-05-13,-62,-48,-29,-69,-45,25
US,2020-05-13,-26,-5,18,-40,-42,16
US_AK,2020-05-13,0,9,113,-28,-30,10
US_AL,2020-05-13,-5,5,46,-8,-31,10
US_AR,2020-05-13,-3,10,82,-10,-29,9
US_AZ,2020-05-13,-24,-7,-10,-30,-41,14
US_CA,2020-05-13,-44,-10,-16,-46,-47,19
US_CO,2020-05-13,-25,-6,55,-42,-45,16
US_CT,2020-05-13,-29,-11,58,-40,-46,18
US_DC,2020-05-13,-57,-24,-43,-74,-66,26
US_DE,2020-05-13,-26,-10,35,-37,-43,17
US_FL,2020-05-13,-29,-13,-21,-47,-39,15
US_GA,2020-05-13,-16,-2,32,-39,-40,14
US_HI,2020-05-13,-45,-24,-48,-65,-42,19
US_IA,2020-05-13,-24,11,58,-9,-35,15
US_ID,2020-05-13,-14,8,60,-10,-34,12
US_IL,2020-05-13,-31,-5,30,-43,-47,18
US_IN,2020-05-13,-12,1,71,-11,-36,14
US_KS,2020-05-13,-21,1,41,-13,-37,14
US_KY,2020-05-13,-21,3,7,-21,-40,15
US_LA,2020-05-13,-18,2,12,-26,-35,12
US_MA,2020-05-13,-36,-15,36,-63,-54,22
US_MD,2020-05-13,-30,-11,75,-46,-51,21
US_ME,2020-05-13,-22,-1,68,-31,-38,13
US_MI,2020-05-13,-24,-4,125,-31,-50,17
US_MN,2020-05-13,-30,-4,39,-50,-45,19
US_MO,2020-05-13,-12,3,0,-19,-37,12
US_MS,2020-05-13,1,9,34,-4,-30,9
US_MT,2020-05-13,-10,9,56,-14,-28,9
US_NC,2020-05-13,-22,-2,25,-34,-38,14
US_ND,2020-05-13,-13,-4,15,-18,-30,14
US_NE,2020-05-13,-20,0,22,-8,-36,15
US_NH,2020-05-13,-19,-4,72,-28,-42,17
US_NJ,2020-05-13,-44,-12,61,-58,-53,22
US_NM,2020-05-13,-23,2,17,-15,-40,15
US_NV,2020-05-13,-28,-4,-24,-42,-46,17
US_NY,2020-05-13,-48,-10,18,-61,-53,22
US_OH,2020-05-13,-18,0,130,-14,-40,14
US_OK,2020-05-13,-4,9,41,-4,-32,10
US_OR,2020-05-13,-30,-4,21,-36,-43,15
US_PA,2020-05-13,-29,-6,67,-41,-45,16
US_RI,2020-05-13,-25,-9,77,-51,-45,17
US_SC,2020-05-13,-12,1,19,-11,-33,12
US_SD,2020-05-13,-15,11,74,-5,-31,13
US_TN,2020-05-13,-9,5,24,-18,-34,12
US_TX,2020-05-13,-18,-2,10,-32,-39,16
US_UT,2020-05-13,-16,4,79,-33,-42,14
US_VA,2020-05-13,-27,-5,48,-40,-46,18
US_VT,2020-05-13,-31,-14,77,-40,-46,17
US_WA,2020-05-13,-31,-4,56,-45,-48,17
US_WI,2020-05-13,-27,-3,103,-20,-39,16
US_WV,2020-05-13,-11,2,33,-7,-34,10
US_WY,2020-05-13,-12,6,47,4,-28,10
UY,2020-05-13,-39,-20,-54,-38,-21,13
VE,2020-05-13,-52,-34,-44,-53,-42,18
VN,2020-05-13,-23,1,-32,-5,16,3
YE,2020-05-13,-9,-1,-9,-6,-14,8
ZA,2020-05-13,-53,-29,-34,-63,-50,26
ZM,2020-05-13,-12,-5,0,-15,-11,13
ZW,2020-05-13,-36,-25,-27,-54,-30,28
